Country Name,Year,Life_Expectancy,Infant_Mortality,Maternal_Mortality,DPT_Immunization,Stunting_Prev,GDP_per_capita,Population
Algeria,2000,70.576,34.7,123.0,86.0,23.6,1772.92869122761,30903893.0
Algeria,2001,71.025,33.6,113.0,89.0,,1896.30020878013,31331221.0
Algeria,2002,71.644,32.4,102.0,86.0,24.0,1937.46411413019,31750835.0
Algeria,2003,71.906,31.3,101.0,87.0,,2283.77299346126,32175818.0
Algeria,2004,72.536,30.1,91.0,86.0,,2816.99384960555,32628286.0
Algeria,2005,72.836,29.0,87.0,88.0,,3233.13339634212,33109249.0
Algeria,2006,73.116,27.9,84.0,95.0,15.4,3660.66104745322,33623506.0
Algeria,2007,73.346,26.9,83.0,95.0,,4167.45169937531,34189416.0
Algeria,2008,73.618,25.9,83.0,93.0,,5180.91881514686,34816961.0
Algeria,2009,73.871,25.1,83.0,95.0,,4235.42990456612,35490445.0
Algeria,2010,74.144,24.4,82.0,95.0,,4912.78585503672,36188236.0
Algeria,2011,74.383,23.8,81.0,95.0,,5916.31364364343,36903376.0
Algeria,2012,74.609,23.2,81.0,95.0,11.7,6033.64884689543,37646166.0
Algeria,2013,74.809,22.7,81.0,95.0,,5979.60138960585,38414171.0
Algeria,2014,74.992,22.3,80.0,95.0,,6094.69392314956,39205031.0
Algeria,2015,75.159,21.9,79.0,95.0,,4685.05902729002,40019529.0
Algeria,2016,75.31,21.6,79.0,91.0,,4424.98529027556,40850721.0
Algeria,2017,75.431,21.3,77.0,91.0,,4554.66753957828,41689299.0
Algeria,2018,75.555,21.0,75.0,91.0,,4577.21029180491,42505035.0
Algeria,2019,75.682,20.7,73.0,88.0,9.8,4468.45341883656,43294546.0
Algeria,2020,73.257,20.4,97.0,84.0,,3743.5419522929,44042091.0
Algeria,2021,75.208,20.2,79.0,81.0,,4160.55926736925,44761099.0
Algeria,2022,76.129,20.0,64.0,77.0,,4961.55257664733,45477389.0
Algeria,2023,76.261,19.7,62.0,92.0,,5364.02795022731,46164219.0
Angola,2000,46.501,115.0,659.0,31.0,,563.733795571487,16194869.0
Angola,2001,47.032,111.9,629.0,42.0,,533.586202412447,16747208.0
Angola,2002,47.874,108.1,602.0,47.0,,882.147847234303,17327699.0
Angola,2003,50.218,104.0,538.0,46.0,,992.698979254665,17943712.0
Angola,2004,51.123,99.3,499.0,47.0,,1266.21086410236,18600423.0
Angola,2005,52.13,94.4,462.0,47.0,,1916.46842218625,19291161.0
Angola,2006,52.965,89.1,437.0,44.0,,2617.05196022633,20015279.0
Angola,2007,54.2,83.8,401.0,48.0,29.2,3141.0459797605,20778561.0
Angola,2008,55.281,78.7,372.0,49.0,,4103.0669003635,21578655.0
Angola,2009,56.225,73.7,348.0,50.0,,3136.64546955947,22414773.0
Angola,2010,57.242,68.9,321.0,51.0,,3597.34293216332,23294825.0
Angola,2011,58.093,64.4,301.0,52.0,,4615.91059831778,24218352.0
Angola,2012,58.916,60.4,278.0,53.0,,5086.02740086376,25177394.0
Angola,2013,59.705,56.7,267.0,54.0,,5057.74787833163,26165620.0
Angola,2014,60.396,53.6,262.0,55.0,,5005.9997412707,27160769.0
Angola,2015,61.042,51.1,249.0,59.0,37.6,3213.90261080059,28157798.0
Angola,2016,61.619,48.9,236.0,59.0,,1807.95294072643,29183070.0
Angola,2017,62.122,47.0,220.0,56.0,,2437.25971190821,30234839.0
Angola,2018,62.622,45.3,208.0,63.0,,2538.59139143371,31297155.0
Angola,2019,63.051,43.8,202.0,57.0,,2189.85571407618,32375632.0
Angola,2020,63.116,42.3,195.0,51.0,,1449.92286669308,33451132.0
Angola,2021,62.958,40.9,211.0,45.0,,1925.87466082167,34532429.0
Angola,2022,64.246,39.6,185.0,42.0,,2929.69445467272,35635029.0
Angola,2023,64.617,38.3,183.0,54.0,,2309.53413042773,36749906.0
Benin,2000,56.594,79.7,529.0,78.0,,487.424141384242,7221619.0
Benin,2001,56.654,77.8,532.0,76.0,36.2,492.401499509072,7445596.0
Benin,2002,56.851,76.0,534.0,75.0,,546.463829658159,7675426.0
Benin,2003,57.092,74.2,532.0,73.0,,676.002878084282,7913070.0
Benin,2004,57.346,72.5,531.0,72.0,,758.695803786371,8159094.0
Benin,2005,57.738,70.9,514.0,70.0,,779.437777753268,8426144.0
Benin,2006,57.966,69.3,509.0,74.0,,809.147072506221,8693242.0
Benin,2007,58.249,67.9,501.0,82.0,,912.338247188342,8953969.0
Benin,2008,58.099,66.4,563.0,75.0,37.4,1060.60254502099,9228466.0
Benin,2009,58.258,65.1,598.0,79.0,,1024.10277858112,9509423.0
Benin,2010,58.387,63.7,607.0,76.0,,973.244254931526,9797484.0
Benin,2011,58.462,62.4,613.0,75.0,,1059.41358852588,10093623.0
Benin,2012,58.559,61.0,618.0,80.0,,1071.5258366283,10397657.0
Benin,2013,58.863,59.7,607.0,77.0,,1168.92699279226,10708834.0
Benin,2014,59.008,58.3,605.0,74.0,34.0,1204.39918670094,11030004.0
Benin,2015,59.123,57.0,606.0,74.0,,1002.41886879614,11360681.0
Benin,2016,59.283,55.7,604.0,76.0,,1010.5338961993,11697842.0
Benin,2017,59.528,54.4,592.0,75.0,,1054.97408066814,12039780.0
Benin,2018,59.71,53.1,585.0,73.0,32.2,1151.7409703472,12383347.0
Benin,2019,59.888,51.8,572.0,72.0,,1130.82135339795,12726755.0
Benin,2020,60.154,50.4,578.0,70.0,,1200.19426631122,13070169.0
Benin,2021,59.61,49.1,584.0,70.0,34.1,1318.65158107487,13413417.0
Benin,2022,60.475,47.7,547.0,69.0,,1266.42710981159,13759501.0
Benin,2023,60.774,46.4,518.0,69.0,,1394.17784663045,14111034.0
Burkina Faso,2000,50.808,92.4,524.0,45.0,,248.908526921752,11925546.0
Burkina Faso,2001,51.188,90.5,513.0,62.0,,259.485223380436,12295001.0
Burkina Faso,2002,51.447,88.3,508.0,69.0,,285.654087637533,12680897.0
Burkina Faso,2003,51.959,85.9,495.0,79.0,,362.373899996953,13082532.0
Burkina Faso,2004,52.6,83.2,481.0,79.0,,403.81283743461,13500533.0
Burkina Faso,2005,53.271,80.3,467.0,82.0,,441.164148016012,13932123.0
Burkina Faso,2006,53.784,77.1,463.0,86.0,,455.513655620024,14373707.0
Burkina Faso,2007,54.377,73.9,453.0,89.0,,514.684451177238,14816307.0
Burkina Faso,2008,55.199,71.0,429.0,93.0,,619.437533256264,15258093.0
Burkina Faso,2009,55.791,68.2,419.0,92.0,35.1,601.569520671859,15710066.0
Burkina Faso,2010,56.343,65.7,404.0,91.0,34.9,624.957252224766,16176498.0
Burkina Faso,2011,57.001,63.5,388.0,91.0,34.6,725.024767725475,16661908.0
Burkina Faso,2012,57.457,61.6,376.0,90.0,32.8,731.470138867833,17172287.0
Burkina Faso,2013,57.903,59.8,361.0,88.0,31.3,759.762065168498,17695409.0
Burkina Faso,2014,58.331,58.0,344.0,91.0,29.0,764.861675106225,18229461.0
Burkina Faso,2015,58.778,56.3,328.0,91.0,30.1,630.124750752312,18777487.0
Burkina Faso,2016,59.173,54.7,313.0,91.0,26.8,663.742364842886,19334856.0
Burkina Faso,2017,59.578,53.1,298.0,91.0,21.1,709.091535894695,19894407.0
Burkina Faso,2018,59.972,51.6,286.0,91.0,24.9,777.465618514048,20438288.0
Burkina Faso,2019,60.184,50.2,274.0,91.0,23.8,764.853077774946,20961952.0
Burkina Faso,2020,60.454,48.7,334.0,91.0,17.5,825.237038782475,21478690.0
Burkina Faso,2021,60.046,47.3,354.0,91.0,21.1,895.535288442991,21995243.0
Burkina Faso,2022,60.7,46.1,316.0,93.0,,836.118304593682,22509038.0
Burkina Faso,2023,61.092,44.8,242.0,94.0,,882.689810086163,23025776.0
Burundi,2000,47.617,88.6,860.0,80.0,64.0,134.537861752389,6470194.0
Burundi,2001,48.509,86.1,799.0,81.0,,132.159554541932,6634365.0
Burundi,2002,49.924,83.3,743.0,81.0,,120.952308575468,6824132.0
Burundi,2003,50.997,80.4,705.0,82.0,,111.406682804391,7043154.0
Burundi,2004,52.217,77.1,687.0,83.0,,125.194965184533,7310656.0
Burundi,2005,53.053,73.4,685.0,87.0,57.7,147.234619294225,7587299.0
Burundi,2006,53.962,69.5,670.0,92.0,,161.892755640319,7865547.0
Burundi,2007,54.832,65.6,655.0,99.0,,166.162744906755,8161874.0
Burundi,2008,55.581,61.8,635.0,92.0,,189.502074570768,8505637.0
Burundi,2009,56.422,58.3,612.0,94.0,,199.097633037708,8947646.0
Burundi,2010,57.088,55.0,614.0,96.0,57.6,216.727705301976,9376444.0
Burundi,2011,57.804,51.9,597.0,96.0,,230.070577369084,9717978.0
Burundi,2012,58.501,49.0,575.0,96.0,52.0,231.688496393569,10071028.0
Burundi,2013,59.179,46.3,555.0,96.0,,234.843045388828,10439341.0
Burundi,2014,59.764,44.0,533.0,95.0,,250.540481111877,10799785.0
Burundi,2015,60.107,41.8,525.0,94.0,,280.966831311923,11047580.0
Burundi,2016,60.789,40.0,501.0,94.0,55.9,235.286205393908,11239451.0
Burundi,2017,61.345,38.4,482.0,91.0,,236.694472592753,11506762.0
Burundi,2018,61.806,37.0,464.0,90.0,56.6,224.89939239264,11859446.0
Burundi,2019,62.18,35.6,449.0,93.0,54.0,210.236494521532,12255336.0
Burundi,2020,62.569,34.5,441.0,93.0,50.9,210.008139902508,12617036.0
Burundi,2021,62.101,33.4,447.0,94.0,,214.091455416133,12965481.0
Burundi,2022,62.882,32.4,412.0,91.0,55.8,250.634225368744,13321097.0
Burundi,2023,63.651,31.5,392.0,89.0,58.0,192.074305359351,13689450.0
Cabo Verde,2000,68.117,29.4,110.0,90.0,,1189.51479345891,453317.0
Cabo Verde,2001,68.707,27.0,101.0,90.0,,1223.33055331575,460293.0
Cabo Verde,2002,69.447,25.3,92.0,91.0,,1328.57874270666,467046.0
Cabo Verde,2003,70.006,24.3,86.0,92.0,,1717.97565369655,473383.0
Cabo Verde,2004,70.499,23.9,80.0,93.0,,1929.49081468781,479370.0
Cabo Verde,2005,70.936,23.9,75.0,95.0,,2004.14680417563,485115.0
Cabo Verde,2006,71.341,24.1,76.0,96.0,,2256.99666191075,490728.0
Cabo Verde,2007,71.487,24.3,73.0,98.0,,3324.57675212498,496190.0
Cabo Verde,2008,71.888,24.4,68.0,99.0,,3908.64885822576,501355.0
Cabo Verde,2009,72.142,24.3,62.0,99.0,,3659.72046361628,506141.0
Cabo Verde,2010,72.507,23.8,61.0,99.0,,3579.46006137809,509784.0
Cabo Verde,2011,72.913,22.9,55.0,90.0,,4002.01386888785,511447.0
Cabo Verde,2012,73.315,21.8,51.0,94.0,,3736.81517011087,511955.0
Cabo Verde,2013,73.481,20.5,50.0,93.0,,3960.97596791345,512225.0
Cabo Verde,2014,73.788,19.0,48.0,95.0,,3985.60706548134,512326.0
Cabo Verde,2015,74.096,17.6,46.0,93.0,,3415.06266730931,512394.0
Cabo Verde,2016,74.35,16.2,44.0,96.0,,3608.96605234906,512554.0
Cabo Verde,2017,74.71,15.0,43.0,96.0,,3893.09571382506,512893.0
Cabo Verde,2018,74.84,14.0,43.0,98.0,6.0,4294.96510035729,513415.0
Cabo Verde,2019,75.449,13.2,41.0,96.0,,4380.78117331128,514104.0
Cabo Verde,2020,73.818,12.5,56.0,93.0,,3539.22661248299,514679.0
Cabo Verde,2021,74.424,12.0,56.0,93.0,,3971.44409203423,516649.0
Cabo Verde,2022,75.907,11.5,42.0,93.0,,4323.31362032709,519741.0
Cabo Verde,2023,76.059,11.0,40.0,93.0,,4861.29184126229,522331.0
Cameroon,2000,53.338,82.8,678.0,62.0,,708.565731625965,14912631.0
Cameroon,2001,53.598,80.9,672.0,63.0,,715.470296470585,15309490.0
Cameroon,2002,53.922,78.8,658.0,66.0,,789.623811072554,15725528.0
Cameroon,2003,54.253,76.9,645.0,73.0,,988.241276791846,16160340.0
Cameroon,2004,54.578,74.9,633.0,73.0,35.6,1133.39326749673,16610487.0
Cameroon,2005,54.904,73.3,629.0,80.0,,1142.62466252106,17074594.0
Cameroon,2006,55.301,71.3,615.0,81.0,37.6,1191.45458990968,17550407.0
Cameroon,2007,55.71,69.7,605.0,82.0,,1325.67248215933,18049896.0
Cameroon,2008,56.116,67.9,592.0,84.0,,1492.14269801453,18574056.0
Cameroon,2009,56.486,66.3,579.0,80.0,,1461.38999232337,19113974.0
Cameroon,2010,56.965,63.9,562.0,84.0,,1398.58702025047,19668066.0
Cameroon,2011,57.482,62.0,541.0,81.0,32.6,1513.96056994878,20232304.0
Cameroon,2012,58.17,59.8,500.0,79.0,,1449.09874362279,20809529.0
Cameroon,2013,58.73,57.4,469.0,76.0,,1575.92882118897,21402376.0
Cameroon,2014,59.13,55.4,440.0,76.0,31.7,1649.4433905949,22059893.0
Cameroon,2015,59.687,53.2,417.0,76.0,,1415.00009710569,22763414.0
Cameroon,2016,60.293,51.6,393.0,78.0,,1441.7201725688,23454161.0
Cameroon,2017,60.817,49.7,372.0,74.0,,1496.08951771242,24128601.0
Cameroon,2018,61.189,48.1,354.0,68.0,28.9,1610.69641591017,24806383.0
Cameroon,2019,61.695,46.8,336.0,67.0,,1555.22660476477,25506095.0
Cameroon,2020,61.674,45.3,316.0,68.0,,1555.60370660749,26210558.0
Cameroon,2021,61.146,43.8,342.0,71.0,,1672.32657340872,26915758.0
Cameroon,2022,62.443,42.5,276.0,71.0,,1604.87726954895,27632771.0
Cameroon,2023,63.7,41.2,258.0,75.0,,1736.86091073524,28372687.0
Central African Republic,2000,46.609,99.8,1490.0,37.0,44.4,239.154133726071,3833416.0
Central African Republic,2001,46.734,98.3,1504.0,40.0,,237.951702544735,3919487.0
Central African Republic,2002,46.84,96.5,1496.0,44.0,,248.639290978403,4006077.0
Central African Republic,2003,47.306,94.7,1487.0,47.0,,278.403992150941,4103086.0
Central African Republic,2004,47.696,92.6,1450.0,51.0,,303.461321152782,4192826.0
Central African Republic,2005,48.207,90.5,1389.0,54.0,,311.950023138687,4288810.0
Central African Republic,2006,48.687,87.8,1337.0,51.0,43.6,333.942519903031,4377579.0
Central African Republic,2007,49.327,85.6,1271.0,48.0,,380.887048839475,4462770.0
Central African Republic,2008,49.873,83.6,1234.0,45.0,,437.24827472489,4558984.0
Central African Republic,2009,14.665,234.9,1272.0,42.0,,456.471673898404,4529047.0
Central African Republic,2010,46.871,88.1,1230.0,45.0,40.7,476.873786950728,4492995.0
Central African Republic,2011,50.107,78.1,1131.0,47.0,,534.057281471636,4565021.0
Central African Republic,2012,51.336,76.5,1092.0,47.0,39.7,544.395849142785,4610848.0
Central African Republic,2013,49.487,81.0,1092.0,23.0,,364.36696260838,4642419.0
Central African Republic,2014,40.265,100.2,1034.0,45.0,38.0,409.8504859647,4623182.0
Central African Republic,2015,51.934,72.4,981.0,43.0,,366.322853938121,4629320.0
Central African Republic,2016,50.999,77.0,962.0,42.0,,387.176203444318,4713663.0
Central African Republic,2017,45.231,87.4,1093.0,42.0,,432.324025684263,4793511.0
Central African Republic,2018,52.297,74.0,881.0,42.0,37.5,455.243962859534,4878657.0
Central African Republic,2019,31.53,124.3,1650.0,42.0,40.2,449.228467602439,4944703.0
Central African Republic,2020,50.596,74.5,1296.0,42.0,,462.879071294011,5026628.0
Central African Republic,2021,40.279,93.6,1127.0,42.0,,492.263142830507,5112100.0
Central African Republic,2022,18.818,189.1,841.0,42.0,37.9,467.359825026238,5098039.0
Central African Republic,2023,57.408,60.4,692.0,42.0,,495.978897288721,5152421.0
Chad,2000,47.937,102.0,1208.0,37.0,38.9,163.121663683369,8512093.0
Chad,2001,48.306,100.3,1204.0,26.0,,194.32295331156,8804124.0
Chad,2002,48.36,98.5,1199.0,24.0,,219.061391951349,9116192.0
Chad,2003,48.609,96.6,1170.0,22.0,,289.087621122168,9487833.0
Chad,2004,48.687,94.8,1167.0,21.0,44.4,445.850767157087,9920036.0
Chad,2005,48.86,93.0,1189.0,25.0,,838.092107712557,10328092.0
Chad,2006,48.747,91.0,1220.0,40.0,,906.897260572747,10706424.0
Chad,2007,49.21,89.0,1240.0,28.0,,980.483531485103,11081660.0
Chad,2008,49.503,87.0,1264.0,19.0,,1166.36883453841,11476296.0
Chad,2009,49.828,84.9,1285.0,25.0,,1035.63719694254,11893754.0
Chad,2010,50.107,82.8,1284.0,39.0,38.7,1141.80069268412,12312575.0
Chad,2011,50.426,80.7,1264.0,33.0,,1308.1421872538,12754997.0
Chad,2012,50.765,78.6,1245.0,40.0,,1354.34344701937,13210998.0
Chad,2013,51.051,76.6,1216.0,39.0,,1304.88742971475,13691079.0
Chad,2014,51.141,74.8,1198.0,36.0,,1278.78981422494,14188678.0
Chad,2015,51.32,72.8,1176.0,42.0,31.9,993.990730610869,14647621.0
Chad,2016,51.603,71.0,1133.0,41.0,,861.831767630746,15114655.0
Chad,2017,51.875,69.2,1085.0,41.0,32.1,854.46120040098,15622759.0
Chad,2018,52.447,67.4,1020.0,46.0,31.9,948.656629871231,16156531.0
Chad,2019,52.993,65.5,958.0,50.0,37.8,893.336441643325,16685223.0
Chad,2020,53.082,63.6,877.0,52.0,30.5,866.947814890409,17224679.0
Chad,2021,53.136,61.9,869.0,58.0,31.1,946.358500208374,17828273.0
Chad,2022,54.528,60.3,775.0,60.0,31.9,966.036468278568,18455316.0
Chad,2023,55.069,58.7,748.0,67.0,,989.058528968588,19319064.0
Comoros,2000,58.941,64.8,476.0,70.0,46.9,655.007796688241,536080.0
Comoros,2001,59.587,62.7,440.0,70.0,,691.699908770798,547220.0
Comoros,2002,59.723,60.5,428.0,89.0,,762.116930318449,558923.0
Comoros,2003,60.24,58.5,400.0,80.0,,959.787894504834,569798.0
Comoros,2004,60.557,56.5,385.0,76.0,,1091.27216412426,580704.0
Comoros,2005,60.883,54.6,373.0,68.0,,1103.20658498402,592677.0
Comoros,2006,61.229,52.9,360.0,69.0,,1154.90422349749,604753.0
Comoros,2007,61.475,51.2,352.0,75.0,,1289.73631056361,616927.0
Comoros,2008,61.955,49.7,334.0,81.0,,1455.02768595586,629307.0
Comoros,2009,62.302,48.3,320.0,83.0,,1410.30516959473,641947.0
Comoros,2010,62.747,47.0,305.0,74.0,,1386.57533553376,654836.0
Comoros,2011,63.105,45.9,291.0,83.0,,1531.43969320468,668056.0
Comoros,2012,63.463,44.9,274.0,86.0,31.1,1490.31425650871,681630.0
Comoros,2013,63.839,44.0,260.0,83.0,,1603.32653496691,696192.0
Comoros,2014,64.143,43.2,247.0,80.0,,1615.71718460209,711503.0
Comoros,2015,64.473,42.5,237.0,80.0,,1329.3704808998,726682.0
Comoros,2016,64.792,41.7,225.0,75.0,,1365.48403353158,741741.0
Comoros,2017,65.127,41.0,219.0,79.0,,1423.92480215551,756669.0
Comoros,2018,65.401,40.3,209.0,77.0,,1540.71132331975,771590.0
Comoros,2019,65.662,39.5,202.0,78.0,,1519.26386326167,786578.0
Comoros,2020,65.756,38.7,198.0,74.0,,1527.16990927956,802163.0
Comoros,2021,65.201,37.8,215.0,72.0,,1587.72988601478,818174.0
Comoros,2022,66.481,36.8,186.0,78.0,18.2,1533.87755332151,834188.0
Comoros,2023,66.777,35.7,179.0,75.0,,1682.20285095721,850387.0
"Congo, Dem. Rep.",2000,51.887,91.2,585.0,40.0,,377.925421481395,50507442.0
"Congo, Dem. Rep.",2001,52.205,89.0,588.0,30.0,44.4,142.678142604412,52132646.0
"Congo, Dem. Rep.",2002,52.371,86.5,601.0,38.0,,162.38052907429,53750524.0
"Congo, Dem. Rep.",2003,52.952,84.0,605.0,41.0,,161.491553524396,55343867.0
"Congo, Dem. Rep.",2004,53.534,81.3,607.0,54.0,,180.664764963633,56997741.0
"Congo, Dem. Rep.",2005,54.001,78.6,613.0,60.0,,203.561668860749,58775724.0
"Congo, Dem. Rep.",2006,54.498,75.9,619.0,62.0,,238.417639415512,60615908.0
"Congo, Dem. Rep.",2007,54.954,73.3,631.0,65.0,45.8,267.88850879878,62477752.0
"Congo, Dem. Rep.",2008,55.388,70.7,620.0,68.0,,307.319638606745,64390664.0
"Congo, Dem. Rep.",2009,55.798,68.3,608.0,71.0,,280.798051526498,66412044.0
"Congo, Dem. Rep.",2010,56.411,65.9,601.0,60.0,43.4,314.53858629844,68563038.0
"Congo, Dem. Rep.",2011,56.911,63.8,589.0,70.0,,364.714191777632,70849311.0
"Congo, Dem. Rep.",2012,57.35,61.8,578.0,71.0,,400.059901824342,73254618.0
"Congo, Dem. Rep.",2013,57.795,59.9,567.0,71.0,42.7,431.191528160935,75789395.0
"Congo, Dem. Rep.",2014,58.236,58.0,558.0,73.0,,458.004541775676,78403242.0
"Congo, Dem. Rep.",2015,58.658,56.2,545.0,70.0,,467.9145805459,81035531.0
"Congo, Dem. Rep.",2016,59.081,54.5,526.0,70.0,,442.310472110228,83956415.0
"Congo, Dem. Rep.",2017,59.495,52.9,519.0,71.0,41.8,436.584534687385,87083398.0
"Congo, Dem. Rep.",2018,59.926,51.3,508.0,71.0,,528.256019777898,90047644.0
"Congo, Dem. Rep.",2019,60.242,49.8,493.0,73.0,,557.044161335917,92947442.0
"Congo, Dem. Rep.",2020,60.428,48.4,489.0,70.0,,507.521230077872,95989998.0
"Congo, Dem. Rep.",2021,60.044,47.1,507.0,65.0,,558.034077296358,99148932.0
"Congo, Dem. Rep.",2022,60.979,45.8,456.0,65.0,,642.612267148918,102396968.0
"Congo, Dem. Rep.",2023,61.895,44.5,427.0,60.0,44.7,633.395661686298,105789731.0
"Congo, Rep.",2000,55.371,73.3,509.0,33.0,,1024.30159109181,3151345.0
"Congo, Rep.",2001,55.885,71.5,489.0,31.0,,854.598314408095,3272537.0
"Congo, Rep.",2002,56.414,68.6,464.0,41.0,,905.538135544704,3350771.0
"Congo, Rep.",2003,57.131,64.8,436.0,50.0,,1016.82363412143,3445753.0
"Congo, Rep.",2004,57.957,60.6,400.0,67.0,,1306.10136324599,3565554.0
"Congo, Rep.",2005,58.73,56.3,385.0,62.0,31.2,1799.05158366154,3696393.0
"Congo, Rep.",2006,59.474,52.1,394.0,73.0,,2103.5821381211,3837409.0
"Congo, Rep.",2007,60.05,48.4,370.0,72.0,,2206.47101863414,3980430.0
"Congo, Rep.",2008,60.79,45.3,395.0,79.0,,2832.09177777643,4113517.0
"Congo, Rep.",2009,61.215,42.9,414.0,78.0,,2271.15219175966,4281219.0
"Congo, Rep.",2010,61.731,41.0,382.0,74.0,,2946.55798067708,4462290.0
"Congo, Rep.",2011,62.286,39.5,378.0,82.0,24.4,3396.16505817952,4609724.0
"Congo, Rep.",2012,62.662,38.3,374.0,85.0,,3732.32737320389,4740450.0
"Congo, Rep.",2013,62.969,37.2,320.0,85.0,,3697.41705884249,4857099.0
"Congo, Rep.",2014,63.349,36.1,302.0,90.0,21.2,3601.2365808718,4975880.0
"Congo, Rep.",2015,63.662,35.0,284.0,80.0,,2439.35189403696,5097581.0
"Congo, Rep.",2016,63.911,33.9,263.0,71.0,,2093.10728558843,5222536.0
"Congo, Rep.",2017,64.203,32.9,262.0,69.0,,2211.63309874797,5351011.0
"Congo, Rep.",2018,64.472,32.0,259.0,75.0,,2694.43413191427,5483118.0
"Congo, Rep.",2019,63.152,33.0,245.0,79.0,,2488.42466724916,5616661.0
"Congo, Rep.",2020,64.391,30.2,247.0,73.0,,1993.586671931,5752791.0
"Congo, Rep.",2021,64.192,29.3,301.0,77.0,,2516.16255145432,5892183.0
"Congo, Rep.",2022,65.0,28.5,241.0,78.0,,2620.83804304713,6035104.0
"Congo, Rep.",2023,65.772,27.6,241.0,78.0,,2477.97845477092,6182885.0
Cote d'Ivoire,2000,51.393,91.4,378.0,65.0,,936.636541348798,17699004.0
Cote d'Ivoire,2001,51.428,89.4,405.0,66.0,,924.727294962066,18178913.0
Cote d'Ivoire,2002,51.544,87.3,427.0,64.0,,967.815864415991,18654771.0
Cote d'Ivoire,2003,51.443,85.1,451.0,61.0,,1111.17135087887,19125542.0
Cote d'Ivoire,2004,51.939,82.8,456.0,67.0,,1199.82524528546,19595000.0
Cote d'Ivoire,2005,52.432,80.2,492.0,76.0,,1197.74616979415,20068458.0
Cote d'Ivoire,2006,52.885,78.1,544.0,77.0,,1230.43056838584,20546802.0
Cote d'Ivoire,2007,53.452,75.6,567.0,76.0,39.0,1367.53817722326,21030558.0
Cote d'Ivoire,2008,54.179,73.0,562.0,74.0,,1583.97066701372,21514439.0
Cote d'Ivoire,2009,54.744,70.9,588.0,81.0,,1540.45393569596,21997940.0
Cote d'Ivoire,2010,55.282,68.8,592.0,78.0,,1553.54887048143,22488065.0
Cote d'Ivoire,2011,55.972,67.0,569.0,61.0,27.2,1596.62826565998,22982000.0
Cote d'Ivoire,2012,56.57,64.9,566.0,82.0,29.9,1546.9460184731,23467078.0
Cote d'Ivoire,2013,57.057,62.8,544.0,75.0,,1786.15862031324,23939775.0
Cote d'Ivoire,2014,57.772,60.8,522.0,73.0,,1991.36539423404,24527395.0
Cote d'Ivoire,2015,58.281,59.0,505.0,79.0,,1814.71855088017,25246342.0
Cote d'Ivoire,2016,58.814,57.4,488.0,87.0,21.6,1862.59597081287,25989405.0
Cote d'Ivoire,2017,59.315,55.8,465.0,83.0,,1964.29930338343,26733372.0
Cote d'Ivoire,2018,59.795,54.1,449.0,83.0,,2130.86619381144,27464173.0
Cote d'Ivoire,2019,60.274,52.3,429.0,79.0,,2141.76836170115,28193009.0
Cote d'Ivoire,2020,60.14,50.9,447.0,72.0,,2179.72934832935,28915449.0
Cote d'Ivoire,2021,60.29,49.2,459.0,73.0,23.4,2455.98127626488,29639736.0
Cote d'Ivoire,2022,61.562,47.9,409.0,73.0,,2333.37128334477,30395002.0
Cote d'Ivoire,2023,61.944,46.6,359.0,79.0,,2554.67304885576,31165654.0
Djibouti,2000,56.734,80.9,501.0,46.0,,737.612183644052,747318.0
Djibouti,2001,57.506,79.5,441.0,53.0,,742.133791107063,771313.0
Djibouti,2002,57.824,78.0,404.0,62.0,,743.013270420348,795574.0
Djibouti,2003,58.041,76.4,391.0,68.0,,764.634465224597,813519.0
Djibouti,2004,58.103,74.9,364.0,64.0,,806.261652944964,826124.0
Djibouti,2005,58.548,73.3,315.0,71.0,,844.4483573908,839167.0
Djibouti,2006,58.962,71.6,298.0,72.0,,898.464628136774,855764.0
Djibouti,2007,59.362,69.9,285.0,88.0,,969.573220191902,874528.0
Djibouti,2008,59.815,68.1,273.0,89.0,,1119.15233346969,892734.0
Djibouti,2009,60.351,66.6,263.0,89.0,,1150.9375857489,911527.0
Djibouti,2010,60.743,64.9,243.0,88.0,,1213.23352553429,930251.0
Djibouti,2011,61.337,63.3,229.0,87.0,31.0,1306.34552844977,948558.0
Djibouti,2012,61.719,61.6,221.0,81.0,,1400.19357858954,966747.0
Djibouti,2013,62.116,59.9,219.0,82.0,28.0,2075.94498424748,984824.0
Djibouti,2014,62.427,58.3,212.0,78.0,,2214.62084142432,1002717.0
Djibouti,2015,62.833,56.6,210.0,84.0,,2376.12554719873,1020313.0
Djibouti,2016,63.335,55.1,204.0,68.0,,2510.4300076241,1037653.0
Djibouti,2017,63.71,53.5,201.0,76.0,,2618.95521147369,1054841.0
Djibouti,2018,64.105,52.0,199.0,84.0,,2718.08338799203,1071882.0
Djibouti,2019,64.381,50.4,194.0,85.0,20.9,2837.16902340932,1088709.0
Djibouti,2020,64.2,48.8,192.0,70.0,,2844.88810647853,1105188.0
Djibouti,2021,63.83,47.3,221.0,59.0,,3025.91126413549,1121248.0
Djibouti,2022,65.54,45.9,174.0,59.0,,3133.25779772463,1137096.0
Djibouti,2023,65.987,44.4,162.0,72.0,25.5,3397.52015779588,1152944.0
"Egypt, Arab Rep.",2000,67.332,39.6,53.0,98.0,24.4,1366.09274372613,73083284.0
"Egypt, Arab Rep.",2001,67.612,37.5,50.0,99.0,,1295.1374184163,74652029.0
"Egypt, Arab Rep.",2002,67.846,35.7,48.0,97.0,,1116.82884626213,76239137.0
"Egypt, Arab Rep.",2003,68.045,34.0,45.0,98.0,20.2,1031.27556291284,77853548.0
"Egypt, Arab Rep.",2004,68.211,32.6,43.0,97.0,,991.255689145253,79477443.0
"Egypt, Arab Rep.",2005,68.355,31.2,41.0,98.0,23.9,1105.53920713903,81101004.0
"Egypt, Arab Rep.",2006,68.493,30.0,40.0,98.0,,1298.97900203124,82700403.0
"Egypt, Arab Rep.",2007,68.627,28.8,38.0,98.0,,1547.74170735909,84276225.0
"Egypt, Arab Rep.",2008,68.761,27.7,36.0,97.0,30.7,1896.21594269779,85864789.0
"Egypt, Arab Rep.",2009,68.915,26.7,34.0,97.0,,2161.63964573927,87501636.0
"Egypt, Arab Rep.",2010,69.078,25.6,32.0,97.0,,2455.08194645282,89196072.0
"Egypt, Arab Rep.",2011,69.232,24.6,31.0,96.0,,2590.64384891965,91093059.0
"Egypt, Arab Rep.",2012,69.464,23.7,29.0,93.0,,2996.0677072015,93161001.0
"Egypt, Arab Rep.",2013,69.632,22.8,27.0,97.0,,3025.52563552448,95333553.0
"Egypt, Arab Rep.",2014,69.911,22.0,26.0,94.0,22.3,3133.39102265541,97528654.0
"Egypt, Arab Rep.",2015,70.135,21.2,24.0,93.0,,3306.98159414141,99597342.0
"Egypt, Arab Rep.",2016,70.437,20.5,23.0,95.0,,3270.6287768197,101644589.0
"Egypt, Arab Rep.",2017,70.709,19.8,21.0,94.0,,2395.10333299491,103696057.0
"Egypt, Arab Rep.",2018,70.974,19.1,20.0,95.0,,2484.70315630508,105682094.0
"Egypt, Arab Rep.",2019,71.213,18.4,19.0,95.0,,2962.98892023003,107553158.0
"Egypt, Arab Rep.",2020,69.79,17.8,31.0,94.0,,3511.11381026379,109315124.0
"Egypt, Arab Rep.",2021,68.976,17.2,42.0,96.0,12.8,3827.35415374308,110957008.0
"Egypt, Arab Rep.",2022,71.01,16.7,24.0,97.0,,4233.30783744856,112618250.0
"Egypt, Arab Rep.",2023,71.633,16.1,17.0,96.0,,3456.78968456253,114535772.0
Equatorial Guinea,2000,53.395,106.5,406.0,35.0,42.7,1487.3165506701,703279.0
Equatorial Guinea,2001,53.827,103.4,388.0,37.0,,1948.61145907844,749836.0
Equatorial Guinea,2002,54.324,100.4,364.0,39.0,,2264.21065580365,797957.0
Equatorial Guinea,2003,54.791,97.2,343.0,41.0,,2930.60183743733,847862.0
Equatorial Guinea,2004,55.307,93.9,323.0,43.0,33.0,4901.30127408119,899917.0
Equatorial Guinea,2005,55.766,90.6,312.0,44.0,,8673.9026086535,947367.0
Equatorial Guinea,2006,56.354,87.3,299.0,46.0,,10184.8841248541,990343.0
Equatorial Guinea,2007,56.857,84.1,289.0,48.0,,12616.9532942011,1036044.0
Equatorial Guinea,2008,57.384,80.8,276.0,50.0,,18210.5552970599,1084530.0
Equatorial Guinea,2009,57.881,77.9,267.0,52.0,,13232.5019378102,1135673.0
Equatorial Guinea,2010,58.344,75.1,259.0,54.0,,13720.1658723222,1189085.0
Equatorial Guinea,2011,58.827,72.4,254.0,54.0,26.2,17198.2136668275,1241835.0
Equatorial Guinea,2012,59.301,69.9,245.0,54.0,,17308.5723924575,1293483.0
Equatorial Guinea,2013,59.784,67.6,236.0,53.0,,16304.0713196418,1346218.0
Equatorial Guinea,2014,60.228,65.5,227.0,53.0,,15548.6624656619,1399828.0
Equatorial Guinea,2015,60.635,63.4,222.0,40.0,,9068.91003238645,1453923.0
Equatorial Guinea,2016,61.081,61.3,216.0,53.0,,7453.19797948517,1508186.0
Equatorial Guinea,2017,61.481,59.4,212.0,56.0,,7809.10465655488,1562396.0
Equatorial Guinea,2018,61.915,57.7,204.0,59.0,,8102.47084834031,1616422.0
Equatorial Guinea,2019,62.297,56.1,198.0,62.0,,6804.14923073888,1670177.0
Equatorial Guinea,2020,62.141,54.3,196.0,64.0,,5764.05502912947,1716468.0
Equatorial Guinea,2021,62.447,52.6,202.0,67.0,,6945.63069794539,1758786.0
Equatorial Guinea,2022,63.355,50.9,183.0,70.0,,7589.29964909381,1803545.0
Equatorial Guinea,2023,63.707,49.1,174.0,74.0,,6677.793435386,1847549.0
Eritrea,2000,56.285,50.8,741.0,81.0,,314.357396753501,2247031.0
Eritrea,2001,58.359,49.0,651.0,86.0,,325.409161513593,2312079.0
Eritrea,2002,58.941,47.5,636.0,90.0,43.0,304.775756465092,2392978.0
Eritrea,2003,59.455,46.0,588.0,93.0,,348.950327077742,2493903.0
Eritrea,2004,60.063,44.6,588.0,98.0,,426.840947887032,2598284.0
Eritrea,2005,60.628,43.3,567.0,96.0,,412.753079199423,2661215.0
Eritrea,2006,61.457,42.1,555.0,94.0,,447.997404727201,2703502.0
Eritrea,2007,61.998,40.9,541.0,95.0,,480.44762365456,2743222.0
Eritrea,2008,62.422,39.8,530.0,95.0,,490.066956003333,2816327.0
Eritrea,2009,63.203,38.6,515.0,95.0,,642.92572288007,2887885.0
Eritrea,2010,63.665,37.5,498.0,95.0,52.5,539.699512069686,2945186.0
Eritrea,2011,64.231,36.5,478.0,94.0,,688.68165957684,2998485.0
Eritrea,2012,64.697,35.5,458.0,94.0,,,3036988.0
Eritrea,2013,65.005,34.4,443.0,94.0,,,3074360.0
Eritrea,2014,65.517,33.4,430.0,94.0,,,3095173.0
Eritrea,2015,65.909,32.4,413.0,95.0,,,3105546.0
Eritrea,2016,66.242,31.4,395.0,95.0,,,3124698.0
Eritrea,2017,66.612,30.6,379.0,95.0,,,3150347.0
Eritrea,2018,66.979,29.6,363.0,95.0,,,3192760.0
Eritrea,2019,67.306,28.7,351.0,95.0,,,3240194.0
Eritrea,2020,66.98,27.9,334.0,95.0,,,3291271.0
Eritrea,2021,66.94,27.2,338.0,95.0,,,3350183.0
Eritrea,2022,67.789,26.4,301.0,95.0,,,3409447.0
Eritrea,2023,68.624,25.5,291.0,95.0,,,3470390.0
Eswatini,2000,47.627,73.0,361.0,84.0,36.5,1668.9749133064,1041414.0
Eswatini,2001,46.344,74.3,307.0,84.0,,1467.5389023828,1051064.0
Eswatini,2002,45.38,75.2,331.0,85.0,,1351.86550182919,1059441.0
Eswatini,2003,44.632,75.9,392.0,85.0,,2060.18418135789,1066700.0
Eswatini,2004,43.906,75.7,451.0,86.0,,2581.24172793045,1073159.0
Eswatini,2005,43.958,74.7,529.0,86.0,,2945.36394872311,1079022.0
Eswatini,2006,44.563,65.6,511.0,87.0,29.2,3035.06156119205,1084436.0
Eswatini,2007,45.16,66.3,647.0,87.0,,3180.86121498525,1090705.0
Eswatini,2008,45.853,68.5,766.0,88.0,40.4,2999.82816920508,1098091.0
Eswatini,2009,46.913,65.5,855.0,88.0,,3239.7578007877,1105153.0
Eswatini,2010,48.331,62.0,752.0,89.0,30.9,3992.95199562618,1111650.0
Eswatini,2011,49.057,57.8,765.0,91.0,,4312.34243414155,1117833.0
Eswatini,2012,50.714,58.0,613.0,95.0,,4347.99569336631,1123863.0
Eswatini,2013,52.11,57.4,491.0,98.0,,3951.12008139006,1129990.0
Eswatini,2014,53.491,57.9,369.0,98.0,25.5,3771.90796458406,1136299.0
Eswatini,2015,54.941,54.9,283.0,90.0,,3420.75357067279,1142813.0
Eswatini,2016,56.228,52.0,213.0,90.0,,3239.80707501414,1149507.0
Eswatini,2017,57.574,51.5,151.0,90.0,,3853.99147918102,1158195.0
Eswatini,2018,58.707,48.5,133.0,90.0,,3973.46344933667,1168929.0
Eswatini,2019,59.85,48.2,96.0,90.0,,3913.12643969301,1179874.0
Eswatini,2020,59.862,47.1,102.0,83.0,,3454.784217446,1192729.0
Eswatini,2021,58.228,45.8,219.0,77.0,20.0,3966.29863253832,1206593.0
Eswatini,2022,63.028,44.6,112.0,97.0,,3889.65276959161,1218917.0
Eswatini,2023,64.123,43.5,118.0,85.0,,3741.69010745416,1230506.0
Ethiopia,2000,50.88,92.2,870.0,30.0,57.4,122.269202606069,67411494.0
Ethiopia,2001,51.428,88.7,856.0,32.0,,118.457204255261,69487762.0
Ethiopia,2002,52.085,85.1,826.0,35.0,,109.593813612988,71635517.0
Ethiopia,2003,52.877,81.6,797.0,37.0,,116.800491132777,73832663.0
Ethiopia,2004,53.735,77.9,764.0,40.0,,133.169812538096,76077206.0
Ethiopia,2005,54.364,74.4,754.0,44.0,50.0,158.243458082465,78367470.0
Ethiopia,2006,55.402,70.9,729.0,46.0,,189.345737521418,80703490.0
Ethiopia,2007,56.566,67.7,704.0,50.0,,237.146255996319,83103217.0
Ethiopia,2008,57.733,64.7,678.0,54.0,,316.410475118075,85543668.0
Ethiopia,2009,58.715,61.9,649.0,58.0,,368.574712267445,88007636.0
Ethiopia,2010,59.709,59.3,619.0,61.0,,330.619412798644,90538514.0
Ethiopia,2011,60.595,56.8,588.0,65.0,44.4,343.024942351887,93149970.0
Ethiopia,2012,61.443,54.5,545.0,62.0,,452.101031885754,95798767.0
Ethiopia,2013,62.161,52.2,494.0,59.0,,484.039833104062,98438751.0
Ethiopia,2014,62.927,50.1,444.0,61.0,40.4,549.986577082588,101115610.0
Ethiopia,2015,63.592,48.0,401.0,63.0,,621.845673808133,103867135.0
Ethiopia,2016,64.162,46.0,364.0,66.0,38.3,696.196084806324,106718162.0
Ethiopia,2017,64.766,44.2,327.0,68.0,,745.632433925343,109666481.0
Ethiopia,2018,65.257,42.5,297.0,67.0,,747.968003672674,112664152.0
Ethiopia,2019,65.741,41.0,269.0,68.0,36.8,828.709080522921,115737383.0
Ethiopia,2020,65.969,39.6,244.0,71.0,,905.313159254148,118917671.0
Ethiopia,2021,65.33,38.3,250.0,65.0,,910.947887074508,122138588.0
Ethiopia,2022,66.897,37.0,207.0,65.0,,1011.07332413462,125384287.0
Ethiopia,2023,67.315,35.7,195.0,72.0,,,128691692.0
Gabon,2000,61.81,50.8,178.0,45.0,25.9,3982.906200928,1275572.0
Gabon,2001,61.982,49.5,160.0,45.0,,3835.75718279727,1309589.0
Gabon,2002,62.175,48.3,151.0,45.0,,3966.48001864663,1345135.0
Gabon,2003,62.463,46.9,134.0,45.0,,4710.74862768151,1382350.0
Gabon,2004,62.694,45.6,142.0,45.0,,5465.79193590708,1421609.0
Gabon,2005,62.978,44.4,175.0,45.0,,6547.87613955186,1463495.0
Gabon,2006,63.259,43.3,186.0,45.0,,6847.00985685394,1508337.0
Gabon,2007,63.619,41.8,173.0,81.0,,8003.54289696049,1556237.0
Gabon,2008,64.011,40.7,158.0,82.0,,9688.64519690633,1607175.0
Gabon,2009,64.361,40.0,158.0,76.0,,7290.57526093114,1661556.0
Gabon,2010,64.715,38.7,144.0,67.0,,8356.74662013345,1719879.0
Gabon,2011,65.102,37.5,149.0,75.0,,10219.1139339454,1781985.0
Gabon,2012,65.438,36.4,173.0,82.0,17.0,9296.96587941088,1846889.0
Gabon,2013,65.751,35.2,235.0,79.0,,9197.70106323947,1913059.0
Gabon,2014,66.07,34.6,273.0,70.0,,9201.36276648105,1978399.0
Gabon,2015,66.336,33.5,239.0,80.0,,7047.12654634355,2040989.0
Gabon,2016,66.583,32.3,215.0,75.0,,6677.07003901644,2100306.0
Gabon,2017,66.816,31.7,184.0,75.0,,6921.73373135624,2156900.0
Gabon,2018,67.043,30.7,176.0,70.0,,7624.2775233771,2212318.0
Gabon,2019,67.337,29.7,179.0,70.0,,7441.1786472281,2267706.0
Gabon,2020,67.073,28.5,194.0,63.0,14.4,6605.80346077904,2322539.0
Gabon,2021,67.072,28.1,249.0,75.0,,8181.40914134398,2376722.0
Gabon,2022,67.713,27.2,216.0,60.0,,8409.20741452279,2430747.0
Gabon,2023,68.337,26.5,233.0,70.0,,8071.39777400455,2484789.0
"Gambia, The",2000,56.899,73.2,810.0,80.0,24.1,538.054072348854,1455084.0
"Gambia, The",2001,57.283,70.8,794.0,87.0,,459.803068381399,1495011.0
"Gambia, The",2002,57.736,68.4,772.0,87.0,,376.531026962584,1535691.0
"Gambia, The",2003,58.223,66.1,749.0,87.0,,308.719123437587,1577611.0
"Gambia, The",2004,58.749,63.8,719.0,87.0,,593.285346326581,1621312.0
"Gambia, The",2005,59.11,61.6,707.0,95.0,,616.483657865348,1667037.0
"Gambia, The",2006,59.667,59.4,682.0,95.0,27.7,614.544307904464,1715275.0
"Gambia, The",2007,60.001,57.3,675.0,95.0,,724.726407242432,1765774.0
"Gambia, The",2008,60.473,55.4,653.0,96.0,,859.127671411226,1817852.0
"Gambia, The",2009,60.735,53.5,634.0,98.0,,774.888030908091,1871422.0
"Gambia, The",2010,61.167,51.7,632.0,97.0,23.4,801.033372714536,1926630.0
"Gambia, The",2011,61.561,50.0,634.0,96.0,,710.608411468152,1983784.0
"Gambia, The",2012,61.9,48.4,628.0,98.0,21.1,692.579361628102,2043094.0
"Gambia, The",2013,62.252,46.8,606.0,97.0,24.6,653.862713272743,2103820.0
"Gambia, The",2014,62.576,45.2,561.0,96.0,,568.00453558864,2164528.0
"Gambia, The",2015,62.971,43.8,527.0,97.0,,619.536364296461,2224529.0
"Gambia, The",2016,63.386,42.3,490.0,95.0,,650.056501323611,2283769.0
"Gambia, The",2017,63.708,41.0,469.0,92.0,,642.522641296331,2342189.0
"Gambia, The",2018,64.034,39.7,450.0,93.0,19.0,696.219806960615,2399632.0
"Gambia, The",2019,64.427,38.4,422.0,88.0,,738.186751987483,2456844.0
"Gambia, The",2020,64.418,37.2,400.0,85.0,17.5,720.335143352133,2515733.0
"Gambia, The",2021,63.847,36.0,420.0,82.0,,781.890925169531,2576010.0
"Gambia, The",2022,64.859,34.9,365.0,79.0,,836.244875582631,2636470.0
"Gambia, The",2023,65.86,33.8,354.0,84.0,,888.157407441902,2697845.0
Ghana,2000,58.139,61.8,472.0,88.0,,253.746936203344,19637087.0
Ghana,2001,58.403,59.8,460.0,79.0,,263.542156494853,20167069.0
Ghana,2002,58.709,58.0,434.0,78.0,,297.46164468774,20729388.0
Ghana,2003,59.014,56.3,410.0,80.0,35.5,358.39927142073,21296705.0
Ghana,2004,59.316,54.8,403.0,80.0,,406.132105329565,21868298.0
Ghana,2005,59.638,53.4,390.0,84.0,,478.611909191028,22449438.0
Ghana,2006,59.975,52.1,385.0,84.0,27.9,906.441027564887,23040702.0
Ghana,2007,60.282,50.7,377.0,94.0,,1050.12461524926,23642279.0
Ghana,2008,60.578,49.2,380.0,93.0,28.4,1182.65761256016,24249946.0
Ghana,2009,60.928,47.5,369.0,94.0,,1047.70430093586,24862664.0
Ghana,2010,61.297,45.7,363.0,94.0,,1263.89251760539,25474995.0
Ghana,2011,61.617,43.9,356.0,91.0,22.8,1507.43573198753,26095088.0
Ghana,2012,61.995,42.1,351.0,92.0,,1543.77524235764,26734268.0
Ghana,2013,62.397,40.5,338.0,90.0,,2294.79584693743,27386193.0
Ghana,2014,62.832,39.1,317.0,98.0,18.8,1949.90832923846,28041592.0
Ghana,2015,63.175,37.7,310.0,88.0,,1722.77282833606,28696068.0
Ghana,2016,63.522,36.4,296.0,93.0,,1912.47991339951,29356742.0
Ghana,2017,63.829,35.1,287.0,99.0,17.5,2012.28662641265,30008354.0
Ghana,2018,64.138,33.9,276.0,97.0,,2195.32166016377,30637585.0
Ghana,2019,64.455,32.6,260.0,97.0,,2186.65822682613,31258945.0
Ghana,2020,64.309,31.4,253.0,94.0,,2195.45481659987,31887809.0
Ghana,2021,64.286,30.2,264.0,98.0,,2445.18662529344,32518665.0
Ghana,2022,65.246,29.2,239.0,99.0,17.4,2229.89122647803,33149152.0
Ghana,2023,65.498,28.2,234.0,95.0,,2383.90410483418,33787914.0
Guinea,2000,52.42,97.0,951.0,46.0,,518.157066924026,8428832.0
Guinea,2001,52.669,93.2,946.0,50.0,,483.085120214741,8539960.0
Guinea,2002,53.2,89.7,916.0,53.0,,495.916073559269,8674066.0
Guinea,2003,53.589,86.6,892.0,57.0,,566.48540588068,8870781.0
Guinea,2004,53.975,83.8,869.0,60.0,,584.897740538081,9062726.0
Guinea,2005,54.422,81.4,843.0,59.0,39.3,463.17768685098,9245844.0
Guinea,2006,54.875,79.3,825.0,57.0,,446.980554135013,9441171.0
Guinea,2007,55.233,77.7,802.0,63.0,34.0,650.148575304743,9662281.0
Guinea,2008,55.703,76.4,772.0,60.0,,703.532825784369,9898870.0
Guinea,2009,56.052,75.3,766.0,57.0,,662.185914665575,10143534.0
Guinea,2010,56.431,74.4,750.0,64.0,,659.235326211315,10396086.0
Guinea,2011,56.778,73.6,728.0,63.0,,636.694958747648,10656810.0
Guinea,2012,57.117,72.9,703.0,57.0,31.1,699.353377212197,10921581.0
Guinea,2013,57.459,72.3,682.0,50.0,,748.455020824734,11191873.0
Guinea,2014,57.581,72.2,664.0,44.0,,765.146999389279,11472924.0
Guinea,2015,57.899,71.6,642.0,47.0,,747.356966759448,11767070.0
Guinea,2016,58.49,70.2,606.0,47.0,32.4,711.996509782316,12073030.0
Guinea,2017,58.715,69.4,582.0,47.0,,833.598621691121,12385659.0
Guinea,2018,59.043,68.5,560.0,47.0,30.3,933.273615633705,12704774.0
Guinea,2019,59.379,67.4,548.0,47.0,,1031.34146480732,13034346.0
Guinea,2020,59.35,66.0,528.0,47.0,,1053.66097696415,13371183.0
Guinea,2021,59.373,64.6,533.0,47.0,,1244.96550477914,13710513.0
Guinea,2022,60.432,63.1,500.0,47.0,26.1,1416.59612011764,14055137.0
Guinea,2023,60.74,61.5,494.0,47.0,,1555.49375806861,14405468.0
Guinea-Bissau,2000,50.565,100.3,1295.0,49.0,33.8,316.945495037639,1234741.0
Guinea-Bissau,2001,51.054,97.5,1222.0,53.0,,327.138431972397,1261273.0
Guinea-Bissau,2002,51.608,94.5,1141.0,57.0,,362.034574570354,1289307.0
Guinea-Bissau,2003,52.186,91.5,1069.0,60.0,,419.78486611807,1318806.0
Guinea-Bissau,2004,52.8,88.3,980.0,64.0,,431.376557669634,1349563.0
Guinea-Bissau,2005,52.949,85.0,956.0,68.0,,463.073962650452,1381585.0
Guinea-Bissau,2006,54.089,81.5,831.0,71.0,,448.513075469701,1415303.0
Guinea-Bissau,2007,54.87,78.0,792.0,74.0,,519.069789794741,1450986.0
Guinea-Bissau,2008,55.3,74.5,802.0,77.0,27.6,640.210331101753,1488054.0
Guinea-Bissau,2009,56.297,71.1,753.0,80.0,,583.190020139094,1526377.0
Guinea-Bissau,2010,56.999,67.8,698.0,83.0,32.0,600.194298540768,1566347.0
Guinea-Bissau,2011,57.663,64.6,678.0,86.0,,719.539573498937,1608076.0
Guinea-Bissau,2012,58.27,61.8,704.0,87.0,26.4,635.461653303881,1651417.0
Guinea-Bissau,2013,58.879,59.4,707.0,87.0,,654.304534409417,1695973.0
Guinea-Bissau,2014,59.476,57.2,662.0,86.0,27.6,652.022501029449,1741122.0
Guinea-Bissau,2015,60.071,55.3,631.0,86.0,,645.066837207039,1786457.0
Guinea-Bissau,2016,60.619,53.4,617.0,85.0,,679.665386626818,1831893.0
Guinea-Bissau,2017,61.148,51.7,597.0,79.0,,783.123186602022,1877072.0
Guinea-Bissau,2018,61.652,50.0,585.0,82.0,,808.531613218504,1922168.0
Guinea-Bissau,2019,62.161,48.3,598.0,78.0,28.1,807.425524872835,1967696.0
Guinea-Bissau,2020,61.343,47.0,603.0,74.0,,836.26731423732,2013255.0
Guinea-Bissau,2021,61.653,45.7,617.0,67.0,,912.484104692847,2058841.0
Guinea-Bissau,2022,63.605,44.3,539.0,74.0,,873.437861875428,2105529.0
Guinea-Bissau,2023,64.085,43.1,505.0,74.0,,964.927554218909,2153339.0
Kenya,2000,56.084,63.8,206.0,82.0,40.8,414.626365130846,30642890.0
Kenya,2001,56.501,61.2,188.0,80.0,,410.700452474814,31619170.0
Kenya,2002,56.759,58.3,182.0,84.0,,402.936385605382,32629808.0
Kenya,2003,57.369,55.5,177.0,73.0,35.8,442.898457253405,33652223.0
Kenya,2004,57.947,52.5,177.0,73.0,,463.662781300121,34713455.0
Kenya,2005,58.51,49.4,178.0,76.0,40.3,523.456312433863,35796484.0
Kenya,2006,59.059,46.9,188.0,80.0,,699.80237063381,36904008.0
Kenya,2007,59.407,44.9,198.0,81.0,,840.201439476765,38036349.0
Kenya,2008,59.955,42.4,197.0,88.0,35.5,915.54435473604,39206351.0
Kenya,2009,60.483,41.9,208.0,88.0,,1047.9678324485,40408891.0
Kenya,2010,60.915,41.4,210.0,90.0,,1091.51873101194,41598567.0
Kenya,2011,61.283,41.1,209.0,96.0,26.3,1096.14499807675,42758461.0
Kenya,2012,61.537,41.3,214.0,94.0,,1285.00536171512,43888303.0
Kenya,2013,61.729,40.9,206.0,87.0,,1370.87885214659,44986791.0
Kenya,2014,61.99,40.1,203.0,92.0,26.2,1482.81566253497,46051440.0
Kenya,2015,62.279,39.1,203.0,89.0,,1489.11959777284,47088526.0
Kenya,2016,62.526,38.7,196.0,88.0,28.6,1554.12610314423,48139687.0
Kenya,2017,62.725,38.5,186.0,81.0,,1667.48447230835,49197766.0
Kenya,2018,62.825,37.8,183.0,91.0,,1836.45275528993,50207107.0
Kenya,2019,62.939,37.2,176.0,93.0,,1960.40808854893,51202827.0
Kenya,2020,61.596,36.9,184.0,93.0,,1927.66459027849,52217334.0
Kenya,2021,61.225,36.4,183.0,95.0,,2061.35622089594,53219166.0
Kenya,2022,63.549,35.8,155.0,94.0,17.6,2109.56288513137,54252461.0
Kenya,2023,63.646,34.7,149.0,93.0,,1952.30457929636,55339003.0
Lesotho,2000,48.783,78.0,413.0,83.0,,442.779545779081,2003913.0
Lesotho,2001,47.153,78.3,465.0,78.0,,412.677473676821,2000853.0
Lesotho,2002,45.95,78.5,484.0,84.0,,388.92334985135,1994679.0
Lesotho,2003,44.921,79.2,508.0,90.0,,583.270036200288,1985059.0
Lesotho,2004,44.039,80.2,499.0,90.0,44.7,766.685820928242,1971129.0
Lesotho,2005,43.611,81.4,549.0,89.0,,861.381496414995,1953076.0
Lesotho,2006,43.182,81.7,696.0,89.0,,925.467485502842,1945063.0
Lesotho,2007,43.66,80.2,891.0,88.0,,861.188420899563,1953268.0
Lesotho,2008,44.304,83.1,1205.0,88.0,,898.482517882593,1966541.0
Lesotho,2009,45.055,78.3,1387.0,91.0,39.3,878.847950537772,1980883.0
Lesotho,2010,46.045,76.1,1311.0,93.0,,1119.47557793042,1996251.0
Lesotho,2011,46.93,73.3,1210.0,96.0,,1280.73390931581,2014009.0
Lesotho,2012,48.235,73.1,1000.0,95.0,,1217.93071228944,2034354.0
Lesotho,2013,49.547,72.8,855.0,93.0,,1151.03735837227,2056504.0
Lesotho,2014,50.786,71.2,707.0,88.0,33.4,1173.5377928819,2080089.0
Lesotho,2015,51.83,69.3,594.0,83.0,,1121.19851342518,2104611.0
Lesotho,2016,52.908,68.3,518.0,87.0,,992.491840678465,2130422.0
Lesotho,2017,53.874,68.2,468.0,87.0,,1069.36673247542,2157110.0
Lesotho,2018,54.638,64.9,491.0,87.0,34.6,1170.65569702819,2183603.0
Lesotho,2019,55.249,63.3,467.0,87.0,,1082.05706777516,2209405.0
Lesotho,2020,55.133,61.2,529.0,87.0,,918.582577421982,2235727.0
Lesotho,2021,54.209,59.8,577.0,87.0,,1066.58643600093,2261542.0
Lesotho,2022,56.812,57.6,477.0,87.0,,1030.12579628833,2286110.0
Lesotho,2023,57.375,55.4,478.0,87.0,,916.282970463888,2311472.0
Liberia,2000,51.852,123.9,786.0,46.0,45.3,298.485340578945,2928117.0
Liberia,2001,53.109,116.0,720.0,42.0,,300.463828598983,3015338.0
Liberia,2002,54.061,108.2,700.0,39.0,,299.536445539621,3094782.0
Liberia,2003,53.045,100.8,759.0,35.0,,239.779556677091,3119532.0
Liberia,2004,55.949,93.9,645.0,31.0,,284.140223992458,3156892.0
Liberia,2005,56.765,87.9,619.0,60.0,,287.487333441381,3301015.0
Liberia,2006,57.495,82.8,647.0,60.0,,320.55808618515,3490787.0
Liberia,2007,58.147,78.7,659.0,65.0,39.6,374.211308104278,3669050.0
Liberia,2008,58.675,75.5,663.0,75.0,36.1,451.713856283285,3821003.0
Liberia,2009,59.106,72.9,674.0,81.0,,448.386367025545,3943028.0
Liberia,2010,59.358,70.8,712.0,70.0,39.0,492.252808033724,4058890.0
Liberia,2011,59.486,69.0,726.0,77.0,,568.087865520004,4221178.0
Liberia,2012,59.785,67.3,728.0,80.0,,638.368751462083,4373043.0
Liberia,2013,59.992,65.7,725.0,80.0,32.1,710.744570927863,4470239.0
Liberia,2014,59.21,66.5,801.0,63.0,,706.714490064507,4564293.0
Liberia,2015,59.248,63.3,784.0,65.0,,692.590082351257,4659431.0
Liberia,2016,60.483,61.8,690.0,73.0,30.1,714.613063145659,4755608.0
Liberia,2017,60.777,60.6,703.0,80.0,,699.269095727404,4848925.0
Liberia,2018,60.999,59.4,707.0,80.0,,692.203127129794,4944726.0
Liberia,2019,61.232,58.2,689.0,70.0,29.8,658.164180770507,5043721.0
Liberia,2020,61.267,56.8,664.0,65.0,,616.787867006715,5149463.0
Liberia,2021,61.166,55.4,667.0,66.0,,667.96610514319,5259323.0
Liberia,2022,61.934,53.9,634.0,78.0,,744.617175237387,5373294.0
Liberia,2023,62.163,52.6,628.0,82.0,,799.194470229642,5493031.0
Libya,2000,70.542,21.5,71.0,94.0,,7214.10040377084,5305021.0
Libya,2001,70.653,20.9,71.0,94.0,,6312.80030498965,5403639.0
Libya,2002,70.788,20.3,69.0,93.0,,3718.29434696755,5508410.0
Libya,2003,70.996,19.6,68.0,95.0,,4674.09943200321,5619398.0
Libya,2004,71.21,18.8,67.0,97.0,,5773.76333234281,5736693.0
Libya,2005,71.439,17.9,66.0,98.0,,8079.24957329001,5858798.0
Libya,2006,71.632,16.8,66.0,98.0,,10048.8480434289,5980211.0
Libya,2007,71.788,15.7,67.0,98.0,21.0,11144.9448413435,6104380.0
Libya,2008,71.936,14.7,68.0,98.0,,13906.1407818125,6235430.0
Libya,2009,72.071,13.8,70.0,98.0,,9551.05403869755,6366686.0
Libya,2010,72.196,13.0,71.0,98.0,,11600.9068649472,6497839.0
Libya,2011,69.95,13.9,81.0,98.0,,7593.8391525702,6343203.0
Libya,2012,72.188,11.9,74.0,98.0,,14975.8902795144,6179328.0
Libya,2013,72.339,11.4,75.0,96.0,,11951.7134126011,6304628.0
Libya,2014,71.3,11.0,77.0,94.0,38.1,8926.42074591474,6427252.0
Libya,2015,71.644,10.6,76.0,97.0,,7458.48917756374,6531819.0
Libya,2016,71.799,10.2,74.0,97.0,,7525.80299308216,6632126.0
Libya,2017,72.721,9.8,69.0,96.0,,9965.83236729757,6738770.0
Libya,2018,73.151,9.5,66.0,73.0,,11196.5854810844,6849055.0
Libya,2019,72.941,9.2,65.0,73.0,,9963.19489084483,6951033.0
Libya,2020,72.388,9.0,71.0,73.0,,6650.33810585348,7045399.0
Libya,2021,72.062,8.7,98.0,73.0,,4935.82787349801,7135175.0
Libya,2022,74.462,8.4,60.0,73.0,7.9,5986.63694851258,7223805.0
Libya,2023,69.339,15.9,59.0,73.0,,6172.81246940233,7305659.0
Madagascar,2000,57.974,65.5,638.0,57.0,,280.282905559649,16516338.0
Madagascar,2001,58.674,63.0,611.0,60.0,,319.283278235657,17032939.0
Madagascar,2002,59.17,60.6,593.0,62.0,,304.941777398445,17549913.0
Madagascar,2003,59.693,58.3,571.0,66.0,,352.620095849925,18071854.0
Madagascar,2004,60.168,56.2,555.0,78.0,52.7,272.20074858856,18606608.0
Madagascar,2005,60.664,54.2,540.0,85.0,,305.812074924388,19159707.0
Madagascar,2006,61.14,52.3,528.0,85.0,,324.146874882604,19730909.0
Madagascar,2007,61.533,50.4,522.0,84.0,,419.548001431865,20318583.0
Madagascar,2008,61.992,48.8,510.0,77.0,,512.579800058444,20923840.0
Madagascar,2009,62.304,47.4,507.0,77.0,49.4,446.315238370592,21547280.0
Madagascar,2010,62.597,46.2,500.0,70.0,,450.009391645726,22183340.0
Madagascar,2011,62.86,45.2,492.0,73.0,49.9,506.163691559309,22822300.0
Madagascar,2012,63.007,44.6,487.0,68.0,48.9,493.511162904211,23462438.0
Madagascar,2013,63.161,44.1,481.0,70.0,,515.301589361832,24109290.0
Madagascar,2014,63.261,43.9,477.0,68.0,,505.684922503435,24764348.0
Madagascar,2015,63.362,43.8,474.0,62.0,,445.320069480568,25426702.0
Madagascar,2016,63.431,43.8,470.0,68.0,,453.970714522463,26099952.0
Madagascar,2017,63.433,43.9,469.0,65.0,,491.866848718929,26788375.0
Madagascar,2018,63.491,44.2,466.0,74.0,41.6,500.45718552916,27494926.0
Madagascar,2019,63.504,44.5,462.0,70.0,,499.818837622534,28219554.0
Madagascar,2020,62.706,44.7,447.0,68.0,,450.771615201509,28953556.0
Madagascar,2021,62.516,44.9,467.0,57.0,39.8,483.469463351371,29691083.0
Madagascar,2022,63.068,44.7,439.0,57.0,,503.514533472879,30437261.0
Madagascar,2023,63.632,44.2,445.0,65.0,,508.718427705736,31195932.0
Malawi,2000,46.17,100.2,506.0,75.0,54.7,224.22415918428,11315942.0
Malawi,2001,47.205,93.1,447.0,90.0,,215.474524898357,11593058.0
Malawi,2002,48.176,85.1,404.0,64.0,58.3,428.210439838398,11880440.0
Malawi,2003,49.601,77.2,346.0,84.0,,383.348596852642,12181574.0
Malawi,2004,51.073,70.2,304.0,89.0,52.5,404.674248445428,12500737.0
Malawi,2005,52.469,65.1,283.0,93.0,,414.361121984475,12840031.0
Malawi,2006,53.652,61.9,286.0,99.0,53.1,440.822149023873,13198701.0
Malawi,2007,54.687,59.9,333.0,87.0,,475.180261659331,13576343.0
Malawi,2008,55.715,57.3,430.0,91.0,,554.048820396119,13976417.0
Malawi,2009,56.714,55.5,512.0,93.0,48.8,625.869729869625,14395788.0
Malawi,2010,57.787,53.6,517.0,93.0,47.3,683.124694716799,14826463.0
Malawi,2011,58.859,49.9,486.0,97.0,,763.061000394572,15265022.0
Malawi,2012,59.87,46.6,447.0,96.0,,558.46208832772,15709577.0
Malawi,2013,60.816,43.6,410.0,89.0,,496.947368267313,16161816.0
Malawi,2014,61.651,41.4,367.0,91.0,42.4,529.5133440206,16621538.0
Malawi,2015,62.324,39.3,354.0,88.0,37.4,539.605363240686,17085587.0
Malawi,2016,63.163,37.6,312.0,84.0,38.3,450.506105510719,17557739.0
Malawi,2017,63.914,36.1,284.0,88.0,39.3,495.769683367165,18039715.0
Malawi,2018,64.464,34.5,267.0,92.0,39.0,533.203173686705,18528081.0
Malawi,2019,64.995,33.6,260.0,95.0,34.0,580.889816066776,19025752.0
Malawi,2020,65.216,32.3,256.0,94.0,35.5,602.507478176106,19533888.0
Malawi,2021,64.782,31.4,286.0,93.0,,617.447520802454,20047258.0
Malawi,2022,66.037,30.5,239.0,86.0,,604.269751184515,20568728.0
Malawi,2023,67.353,29.4,225.0,91.0,,602.343619809252,21104482.0
Mali,2000,50.605,102.8,741.0,43.0,,256.199554978241,11559290.0
Mali,2001,51.3,99.7,694.0,49.0,42.5,291.159497911347,11912158.0
Mali,2002,51.995,96.5,649.0,61.0,,318.042432039222,12288050.0
Mali,2003,52.632,93.4,616.0,63.0,,371.627016389759,12684955.0
Mali,2004,53.253,90.5,592.0,69.0,,542.887347640863,13102409.0
Mali,2005,53.792,87.8,577.0,77.0,,591.630393473705,13538647.0
Mali,2006,54.305,85.4,568.0,78.0,37.6,633.221946737432,13990139.0
Mali,2007,54.756,83.2,574.0,74.0,,711.675463215078,14457775.0
Mali,2008,55.187,81.1,573.0,74.0,,820.715705601841,14940782.0
Mali,2009,55.588,79.1,565.0,73.0,,815.78868795173,15435539.0
Mali,2010,55.993,77.3,558.0,73.0,27.8,827.617660082715,15945198.0
Mali,2011,56.367,75.5,553.0,66.0,27.9,941.574944706639,16469049.0
Mali,2012,56.696,73.9,549.0,65.0,,878.217175344858,16957033.0
Mali,2013,57.052,72.3,525.0,64.0,,903.190452512378,17459615.0
Mali,2014,57.482,70.8,507.0,66.0,28.1,940.243260037952,18020267.0
Mali,2015,57.852,69.4,490.0,71.0,30.4,838.11986940103,18593022.0
Mali,2016,58.286,68.0,472.0,76.0,26.4,872.468587171653,19191289.0
Mali,2017,58.562,66.6,453.0,77.0,24.6,924.057531692284,19813011.0
Mali,2018,58.873,65.1,434.0,77.0,26.9,996.379292136901,20442030.0
Mali,2019,59.217,63.7,416.0,77.0,26.4,971.949318638092,21068405.0
Mali,2020,58.858,62.1,405.0,70.0,23.0,953.242943290974,21713836.0
Mali,2021,59.116,60.5,415.0,77.0,22.1,1027.27345365357,22388630.0
Mali,2022,60.035,59.0,381.0,77.0,21.8,969.72220560562,23072640.0
Mali,2023,60.439,57.6,367.0,77.0,,1035.86242628411,23769127.0
Mauritania,2000,61.044,67.6,644.0,51.0,38.6,680.911061879778,2613441.0
Mauritania,2001,61.662,64.9,616.0,75.0,,651.817840199777,2678760.0
Mauritania,2002,62.249,61.8,590.0,89.0,,648.879643934862,2738655.0
Mauritania,2003,62.805,58.4,571.0,76.0,,732.017820812675,2802046.0
Mauritania,2004,63.369,55.0,557.0,70.0,,823.554457141893,2868664.0
Mauritania,2005,63.92,51.8,536.0,71.0,,998.96583416747,2939059.0
Mauritania,2006,64.493,49.0,521.0,68.0,,1300.60367988659,3013660.0
Mauritania,2007,64.885,46.7,516.0,75.0,31.5,1405.15016203368,3093059.0
Mauritania,2008,65.233,44.8,506.0,74.0,23.6,1635.5630623124,3183269.0
Mauritania,2009,65.485,43.4,500.0,64.0,,1435.43010811893,3284448.0
Mauritania,2010,65.661,42.4,499.0,64.0,,1659.96369705455,3390965.0
Mauritania,2011,65.754,41.5,494.0,75.0,29.7,1931.19975525465,3502811.0
Mauritania,2012,65.808,40.8,496.0,80.0,23.2,1859.11733247641,3619034.0
Mauritania,2013,65.89,40.1,496.0,80.0,,1934.24103064714,3734318.0
Mauritania,2014,66.207,39.3,484.0,81.0,,1713.00865264234,3848514.0
Mauritania,2015,66.498,38.5,469.0,73.0,27.9,1554.94897871782,3965959.0
Mauritania,2016,66.823,37.6,456.0,74.0,,1565.76575722696,4086657.0
Mauritania,2017,67.088,36.7,450.0,76.0,,1615.00401327323,4210600.0
Mauritania,2018,67.419,35.8,437.0,77.0,22.8,1722.93528854073,4337685.0
Mauritania,2019,67.64,34.8,424.0,80.0,19.4,1767.072710621,4467708.0
Mauritania,2020,66.794,33.8,413.0,81.0,25.8,1795.76459566714,4600131.0
Mauritania,2021,66.762,32.9,425.0,77.0,17.4,1947.78918383313,4734874.0
Mauritania,2022,68.281,32.0,385.0,85.0,25.1,1960.35240077424,4875637.0
Mauritania,2023,68.484,31.0,381.0,90.0,,2120.82318421747,5022441.0
Mauritius,2000,71.6634146341463,16.6,43.0,88.0,,3981.98343249582,1186873.0
Mauritius,2001,71.7658536585366,15.4,42.0,92.0,,3908.55694927435,1196287.0
Mauritius,2002,71.9658536585366,14.6,42.0,88.0,,4073.06053055903,1204621.0
Mauritius,2003,72.1170731707317,14.1,42.0,99.0,,4858.26575549747,1213370.0
Mauritius,2004,72.2658536585366,13.8,43.0,98.0,,5460.60800184198,1221003.0
Mauritius,2005,72.4321951219512,13.6,43.0,97.0,,5354.02974260642,1228254.0
Mauritius,2006,72.4321951219512,13.5,45.0,97.0,,5695.97525509869,1233996.0
Mauritius,2007,72.5707317073171,13.4,46.0,97.0,,6574.6635764099,1239630.0
Mauritius,2008,72.5707317073171,13.2,48.0,99.0,,8030.05228087539,1244121.0
Mauritius,2009,72.8824390243903,13.0,51.0,99.0,,7318.12640972422,1247429.0
Mauritius,2010,72.9673170731707,13.0,53.0,99.0,,8000.37643182154,1250400.0
Mauritius,2011,73.2668292682927,13.1,55.0,98.0,,9197.04299089459,1252404.0
Mauritius,2012,73.8634146341464,13.2,55.0,98.0,,9291.23627601053,1255882.0
Mauritius,2013,74.0170731707317,13.1,58.0,98.0,,9764.64413060045,1258927.0
Mauritius,2014,74.1943902439024,13.0,60.0,97.0,,10366.3550754936,1261208.0
Mauritius,2015,74.3531707317073,13.0,61.0,97.0,,9507.87133656424,1262879.0
Mauritius,2016,74.3948780487805,13.0,62.0,96.0,,9965.72531085228,1263747.0
Mauritius,2017,74.5146341463415,13.2,66.0,94.0,,10841.6847754844,1264887.0
Mauritius,2018,74.4163414634146,13.6,67.0,97.0,,11643.4605962124,1265577.0
Mauritius,2019,74.2358536585366,13.9,67.0,96.0,,11403.2527870674,1265985.0
Mauritius,2020,74.1770731707317,14.1,58.0,93.0,,9011.04288445023,1266014.0
Mauritius,2021,73.680243902439,14.0,80.0,92.0,,9068.97300226707,1266334.0
Mauritius,2022,73.5146341463415,13.8,61.0,95.0,,10223.7882316574,1262523.0
Mauritius,2023,73.4121951219512,13.5,66.0,96.0,,11182.186568616,1261041.0
Mozambique,2000,49.476,106.1,547.0,70.0,,327.12623979157,18129653.0
Mozambique,2001,50.259,100.1,473.0,73.0,50.7,304.792138621913,18537729.0
Mozambique,2002,50.879,94.5,398.0,76.0,,313.886661721198,18958338.0
Mozambique,2003,51.383,89.5,360.0,85.0,46.9,339.488737800648,19392475.0
Mozambique,2004,51.855,84.6,321.0,83.0,,400.056973161545,19840313.0
Mozambique,2005,52.322,80.2,301.0,80.0,,436.773856167384,20304569.0
Mozambique,2006,52.748,75.7,298.0,78.0,,457.487647833183,20787087.0
Mozambique,2007,53.255,69.7,327.0,75.0,,507.874923914304,21287635.0
Mozambique,2008,53.799,67.0,365.0,75.0,43.5,592.159111184122,21819036.0
Mozambique,2009,54.4,63.7,352.0,74.0,,547.697144193651,22391745.0
Mozambique,2010,55.04,63.5,305.0,74.0,,496.185839392659,22999235.0
Mozambique,2011,55.733,59.7,268.0,77.0,42.9,618.17649286789,23649039.0
Mozambique,2012,56.46,57.5,218.0,80.0,,685.685748199513,24337846.0
Mozambique,2013,57.189,56.1,196.0,82.0,,686.505672517351,25051611.0
Mozambique,2014,57.965,54.8,210.0,85.0,,697.142680444123,25788475.0
Mozambique,2015,58.711,53.8,216.0,85.0,42.3,610.563774706589,26547572.0
Mozambique,2016,59.455,52.9,202.0,85.0,,441.489734819071,27337105.0
Mozambique,2017,60.148,51.5,187.0,85.0,,470.93856305196,28166393.0
Mozambique,2018,60.79,50.6,159.0,85.0,,517.507260258101,29018644.0
Mozambique,2019,61.306,49.7,134.0,85.0,,519.09255091362,29884380.0
Mozambique,2020,61.39,49.1,123.0,71.0,37.5,462.433876479921,30783688.0
Mozambique,2021,60.268,47.7,180.0,56.0,,509.907829475551,31707800.0
Mozambique,2022,63.011,46.5,104.0,55.0,36.7,578.251663751351,32656246.0
Mozambique,2023,63.611,45.4,99.0,70.0,,622.985619320596,33635160.0
Namibia,2000,52.946,45.9,384.0,79.0,29.3,2156.67590512714,1818647.0
Namibia,2001,51.98,44.5,376.0,78.0,,1915.58926594875,1857048.0
Namibia,2002,51.988,43.5,313.0,77.0,,1772.07565537493,1889970.0
Namibia,2003,51.918,42.6,290.0,79.0,,2569.24739317883,1917464.0
Namibia,2004,52.175,41.5,282.0,81.0,,3403.15496192955,1942082.0
Namibia,2005,52.557,38.4,344.0,86.0,,3685.77299991587,1966582.0
Namibia,2006,53.183,36.8,408.0,86.0,,4017.1834716928,1991888.0
Namibia,2007,54.026,38.4,489.0,86.0,29.2,4379.04313682732,2018600.0
Namibia,2008,54.74,40.7,537.0,83.0,,4204.78555422749,2047056.0
Namibia,2009,55.347,43.1,547.0,83.0,,4302.91374148376,2077394.0
Namibia,2010,56.093,42.7,531.0,83.0,,5418.21633365814,2109811.0
Namibia,2011,56.647,44.4,498.0,82.0,,5834.7917675794,2146325.0
Namibia,2012,57.733,48.0,439.0,84.0,,5942.64680978673,2194654.0
Namibia,2013,58.468,47.6,402.0,89.0,22.7,5346.62131149967,2252508.0
Namibia,2014,59.311,46.9,369.0,88.0,,5378.32326241205,2312139.0
Namibia,2015,60.008,47.5,307.0,92.0,,4774.10650865775,2374300.0
Namibia,2016,60.81,47.6,250.0,85.0,,4395.68776162376,2439213.0
Namibia,2017,61.661,46.3,213.0,88.0,,5143.96072323076,2506853.0
Namibia,2018,62.579,45.7,198.0,89.0,,5308.60813408705,2577327.0
Namibia,2019,63.546,44.6,175.0,87.0,,4731.9210318831,2650494.0
Namibia,2020,64.071,43.1,143.0,93.0,,3878.58982993966,2728762.0
Namibia,2021,60.85,41.6,254.0,94.0,,4412.8355693052,2810548.0
Namibia,2022,64.19,39.7,127.0,84.0,,4349.79908493314,2889662.0
Namibia,2023,67.385,38.4,139.0,83.0,,4187.60500350786,2963095.0
Niger,2000,49.172,107.7,845.0,34.0,53.5,194.771959898935,11509630.0
Niger,2001,49.872,103.6,843.0,36.0,,205.417936120931,11920647.0
Niger,2002,50.645,99.0,835.0,39.0,,225.294391147438,12349144.0
Niger,2003,51.545,94.1,813.0,41.0,,265.225363452469,12796984.0
Niger,2004,52.402,89.3,790.0,43.0,,283.468281798296,13265836.0
Niger,2005,53.32,84.8,764.0,45.0,,318.643121918273,13756192.0
Niger,2006,54.223,80.7,737.0,51.0,51.0,333.345078419447,14268581.0
Niger,2007,55.063,77.2,704.0,57.0,49.2,387.168065883301,14803610.0
Niger,2008,55.852,74.5,669.0,67.0,43.8,475.044955398162,15361915.0
Niger,2009,56.487,72.3,647.0,71.0,45.5,461.131533961487,15943675.0
Niger,2010,57.08,70.9,621.0,70.0,47.4,474.425692340831,16548835.0
Niger,2011,57.6,69.9,585.0,75.0,50.9,510.75956176268,17176283.0
Niger,2012,57.987,69.4,554.0,71.0,39.9,528.510104469655,17836769.0
Niger,2013,58.364,69.2,526.0,73.0,42.5,552.103334363117,18519898.0
Niger,2014,58.693,69.1,497.0,81.0,42.2,565.30989731175,19215909.0
Niger,2015,58.85,69.3,473.0,84.0,46.4,485.662574175279,19939498.0
Niger,2016,59.228,69.3,450.0,80.0,41.3,502.706475406446,20685753.0
Niger,2017,59.524,69.4,433.0,85.0,,521.804130023434,21435446.0
Niger,2018,59.765,69.4,420.0,79.0,48.5,578.568035680892,22188069.0
Niger,2019,60.031,69.5,406.0,81.0,47.1,561.691304349698,22947757.0
Niger,2020,59.89,69.4,388.0,81.0,45.3,579.512495758236,23717613.0
Niger,2021,59.542,69.0,396.0,82.0,44.4,608.722439593808,24502140.0
Niger,2022,60.398,68.3,361.0,84.0,47.7,609.745147661683,25311973.0
Niger,2023,61.183,67.4,350.0,85.0,,638.336080723299,26159867.0
Nigeria,2000,47.143,97.1,1136.0,29.0,,547.318298903379,126382494.0
Nigeria,2001,47.549,94.6,1130.0,27.0,,566.428231812933,129862595.0
Nigeria,2002,48.02,91.9,1117.0,25.0,,712.164852077686,133471989.0
Nigeria,2003,48.618,89.1,1090.0,29.0,42.5,763.388745367223,137202644.0
Nigeria,2004,49.148,86.4,1075.0,33.0,,962.48104194733,141057045.0
Nigeria,2005,49.538,83.7,1060.0,36.0,,1211.37703504386,145017253.0
Nigeria,2006,49.876,81.2,1067.0,40.0,,1599.53891556365,149077334.0
Nigeria,2007,50.381,79.0,1063.0,42.0,,1815.52697545827,153267261.0
Nigeria,2008,50.748,77.1,1081.0,53.0,,2154.10543545364,157595014.0
Nigeria,2009,51.08,75.4,1088.0,63.0,,1820.48633854782,162049464.0
Nigeria,2010,51.315,74.0,1094.0,54.0,,2202.25672957344,166642886.0
Nigeria,2011,51.49,73.0,1108.0,48.0,35.8,2418.41316975875,171379598.0
Nigeria,2012,51.688,72.0,1124.0,42.0,,2633.19734671361,176200625.0
Nigeria,2013,51.827,71.4,1146.0,43.0,,2872.79083379398,181049443.0
Nigeria,2014,51.94,70.8,1155.0,43.0,33.6,3088.72131316169,185896915.0
Nigeria,2015,51.939,70.2,1168.0,42.0,33.0,2585.73360671797,190671878.0
Nigeria,2016,52.189,69.5,1155.0,53.0,43.6,2070.4127339595,195443700.0
Nigeria,2017,52.397,68.6,1142.0,55.0,,1876.34027111773,200254579.0
Nigeria,2018,52.669,67.4,1118.0,61.0,36.8,2057.87944554011,204938755.0
Nigeria,2019,53.009,66.1,1091.0,66.0,,2265.15520863056,209485641.0
Nigeria,2020,53.072,64.7,1065.0,62.0,31.5,2019.65706326224,213996181.0
Nigeria,2021,53.455,63.2,1046.0,62.0,33.8,2017.27486481527,218529286.0
Nigeria,2022,54.079,61.6,1016.0,62.0,,2139.37478476974,223150896.0
Nigeria,2023,54.462,60.1,993.0,62.0,,1596.63696129001,227882945.0
Rwanda,2000,47.798,107.9,885.0,90.0,47.9,251.86926386091,8213931.0
Rwanda,2001,49.49,98.0,769.0,77.0,,237.308846200901,8287094.0
Rwanda,2002,51.262,88.3,677.0,88.0,,234.043016755733,8400180.0
Rwanda,2003,53.529,79.5,551.0,96.0,,249.012274982252,8586875.0
Rwanda,2004,55.52,71.1,460.0,89.0,,269.540446333402,8816844.0
Rwanda,2005,56.968,63.9,465.0,95.0,51.4,324.016863847189,9054528.0
Rwanda,2006,58.342,57.9,494.0,99.0,,356.995022901154,9299246.0
Rwanda,2007,59.504,53.0,494.0,97.0,,426.234183487629,9549933.0
Rwanda,2008,60.641,48.8,454.0,97.0,,528.326391755502,9804269.0
Rwanda,2009,61.813,45.4,418.0,97.0,46.6,564.039095842449,10060432.0
Rwanda,2010,62.804,42.2,393.0,97.0,44.3,593.624927744346,10317553.0
Rwanda,2011,63.476,39.0,358.0,97.0,,651.133677964662,10573733.0
Rwanda,2012,64.189,37.2,331.0,98.0,43.8,706.8172686891,10829901.0
Rwanda,2013,64.651,35.7,317.0,98.0,,704.92421796616,11093340.0
Rwanda,2014,65.088,34.6,301.0,98.0,,724.957526109262,11364757.0
Rwanda,2015,65.419,33.7,292.0,98.0,38.3,733.998630392314,11640022.0
Rwanda,2016,65.733,33.1,278.0,98.0,,729.519134044611,11919183.0
Rwanda,2017,66.14,32.6,275.0,98.0,,758.300966737624,12202060.0
Rwanda,2018,66.354,32.2,269.0,97.0,34.8,771.773511057901,12487996.0
Rwanda,2019,66.691,31.8,261.0,98.0,,810.051412137354,12776103.0
Rwanda,2020,66.953,31.5,252.0,91.0,33.1,778.701498787411,13065837.0
Rwanda,2021,66.85,31.1,254.0,88.0,,829.544845639777,13355260.0
Rwanda,2022,67.528,30.8,234.0,98.0,,975.469323979541,13651030.0
Rwanda,2023,67.785,30.5,229.0,94.0,,1027.03446804432,13954471.0
Sao Tome and Principe,2000,61.207,50.7,180.0,82.0,,529.089383412262,144018.0
Sao Tome and Principe,2001,61.5,47.5,178.0,92.0,,518.88050130005,146375.0
Sao Tome and Principe,2002,61.826,44.2,179.0,92.0,,568.10257252271,149922.0
Sao Tome and Principe,2003,62.158,41.0,178.0,94.0,,663.696211810494,153814.0
Sao Tome and Principe,2004,62.56,37.8,177.0,96.0,,726.560882130444,157705.0
Sao Tome and Principe,2005,62.434,34.9,181.0,97.0,,844.169181884274,161639.0
Sao Tome and Principe,2006,63.041,32.2,177.0,97.0,,861.970707697664,165638.0
Sao Tome and Principe,2007,63.336,29.6,174.0,97.0,,878.885791918745,169700.0
Sao Tome and Principe,2008,63.448,27.3,174.0,99.0,,1081.8684584729,173793.0
Sao Tome and Principe,2009,63.669,25.2,172.0,98.0,,1128.28046213305,177853.0
Sao Tome and Principe,2010,63.867,23.2,170.0,98.0,,1045.20958234528,181802.0
Sao Tome and Principe,2011,64.122,21.4,164.0,96.0,,1219.80189089671,185649.0
Sao Tome and Principe,2012,64.505,19.7,158.0,96.0,,1210.79264672325,189439.0
Sao Tome and Principe,2013,64.93,18.0,150.0,97.0,,1382.5757842916,193148.0
Sao Tome and Principe,2014,65.478,16.5,138.0,95.0,17.2,1489.67633417608,196767.0
Sao Tome and Principe,2015,66.023,15.1,128.0,96.0,,1298.10946596396,200291.0
Sao Tome and Principe,2016,66.563,13.9,119.0,96.0,,1434.87018050521,203689.0
Sao Tome and Principe,2017,67.074,12.9,110.0,95.0,,1555.79477812888,206970.0
Sao Tome and Principe,2018,67.602,12.0,100.0,95.0,,1825.59971753966,210187.0
Sao Tome and Principe,2019,68.043,11.3,95.0,95.0,11.7,1935.2931816596,213392.0
Sao Tome and Principe,2020,67.979,10.7,92.0,96.0,,2167.22001796925,217435.0
Sao Tome and Principe,2021,68.026,10.2,98.0,97.0,,2362.58827248102,221961.0
Sao Tome and Principe,2022,69.237,9.8,82.0,92.0,,2389.73729784737,226305.0
Sao Tome and Principe,2023,69.718,9.4,75.0,86.0,,2940.93352926715,230871.0
Senegal,2000,57.615,73.8,581.0,52.0,26.0,603.233162455158,9968260.0
Senegal,2001,58.158,70.4,560.0,52.0,,637.213530563724,10212942.0
Senegal,2002,58.912,66.2,531.0,60.0,,669.430447319209,10466214.0
Senegal,2003,59.474,61.8,520.0,73.0,,817.888034221442,10721176.0
Senegal,2004,60.308,57.5,501.0,87.0,,918.102079522155,10975704.0
Senegal,2005,60.98,53.5,488.0,84.0,19.9,979.846101520171,11235472.0
Senegal,2006,61.801,50.1,462.0,89.0,,1017.20196747987,11500094.0
Senegal,2007,62.653,47.2,457.0,94.0,,1188.93877808175,11770344.0
Senegal,2008,63.201,44.9,463.0,88.0,,1398.79218010021,12048959.0
Senegal,2009,63.751,43.0,441.0,86.0,,1308.69404336205,12337389.0
Senegal,2010,64.221,41.5,436.0,89.0,,1275.88357492357,12635413.0
Senegal,2011,64.799,40.3,415.0,92.0,26.7,1374.67591873844,12958897.0
Senegal,2012,65.229,39.3,405.0,91.0,15.5,1326.83798848379,13310495.0
Senegal,2013,65.638,38.5,385.0,92.0,16.5,1379.83196553924,13710849.0
Senegal,2014,66.001,37.9,373.0,89.0,14.2,1398.89137601382,14152102.0
Senegal,2015,66.451,37.3,357.0,89.0,17.5,1218.00613555438,14593331.0
Senegal,2016,66.724,36.9,345.0,93.0,17.1,1266.43957151587,15034521.0
Senegal,2017,67.059,36.4,325.0,93.0,16.5,1356.80518449031,15475002.0
Senegal,2018,67.379,35.7,305.0,92.0,18.8,1452.55612562445,15914498.0
Senegal,2019,67.668,34.9,286.0,96.0,17.9,1431.18128932159,16352922.0
Senegal,2020,67.496,33.9,252.0,95.0,,1461.08720350553,16789219.0
Senegal,2021,66.868,32.7,263.0,90.0,,1598.10676952274,17220867.0
Senegal,2022,67.788,31.4,228.0,93.0,,1574.0281059306,17651103.0
Senegal,2023,68.683,30.2,237.0,83.0,17.5,1698.03387300843,18077573.0
Seychelles,2000,72.7780487804878,11.8,45.0,98.0,,8063.65500575169,81131.0
Seychelles,2001,73.2536585365854,11.8,43.0,96.0,,8153.2986369879,81202.0
Seychelles,2002,71.0878048780488,11.9,45.0,99.0,,8864.16919495467,83723.0
Seychelles,2003,71.0292682926829,12.0,47.0,99.0,,9070.28460757013,82781.0
Seychelles,2004,72.6609756097561,12.0,52.0,99.0,,10827.671636033,82475.0
Seychelles,2005,72.1317073170732,12.1,50.0,99.0,,11802.1118276833,82858.0
Seychelles,2006,72.2170731707317,12.2,51.0,99.0,,12782.9938926475,84600.0
Seychelles,2007,73.1439024390244,12.3,52.0,99.0,,12669.3026687222,85033.0
Seychelles,2008,73.1634146341463,12.4,51.0,99.0,,11265.4376270005,86956.0
Seychelles,2009,73.0829268292683,12.5,51.0,99.0,,9747.09180546291,87298.0
Seychelles,2010,73.1975609756098,12.6,50.0,99.0,,10934.79494629,89770.0
Seychelles,2011,72.7243902439024,12.7,50.0,99.0,,12110.0937461973,87441.0
Seychelles,2012,74.2756097560976,12.8,49.0,98.0,7.9,12337.1554669388,88303.0
Seychelles,2013,73.119512195122,12.9,48.0,98.0,,14821.2921476077,89949.0
Seychelles,2014,73.2292682926829,13.1,46.0,99.0,,15188.1902175113,91359.0
Seychelles,2015,74.2951219512195,13.2,46.0,97.0,,15333.1051727105,93419.0
Seychelles,2016,74.309756097561,13.3,47.0,96.0,,16566.9946042294,94677.0
Seychelles,2017,74.3,13.4,47.0,97.0,,17480.3651911372,95843.0
Seychelles,2018,72.8414634146341,13.5,49.0,99.0,,18440.2340460932,96762.0
Seychelles,2019,74.0463414634146,13.6,48.0,99.0,,19141.5118743615,97625.0
Seychelles,2020,77.2365853658537,13.6,51.0,97.0,,14041.4754074575,98462.0
Seychelles,2021,73.3975609756097,13.5,74.0,94.0,,14982.9111487767,99258.0
Seychelles,2022,73.7024390243903,13.3,89.0,97.0,,16836.6721895387,119878.0
Seychelles,2023,74.9585365853659,13.1,42.0,97.0,,18262.7115849287,119773.0
Sierra Leone,2000,44.834,123.4,1603.0,44.0,35.5,143.743743239644,4423611.0
Sierra Leone,2001,45.448,120.8,1518.0,38.0,,358.315716051546,4692716.0
Sierra Leone,2002,46.174,118.2,1492.0,53.0,,388.995111216836,4971435.0
Sierra Leone,2003,46.784,115.4,1433.0,73.0,,413.817607346927,5177687.0
Sierra Leone,2004,47.485,112.4,1366.0,65.0,,417.749983329227,5355717.0
Sierra Leone,2005,48.306,109.3,1294.0,65.0,45.0,462.633324427945,5501712.0
Sierra Leone,2006,49.547,106.0,1168.0,64.0,,580.26796974773,5624466.0
Sierra Leone,2007,50.024,102.4,1132.0,64.0,,631.889926264998,5749352.0
Sierra Leone,2008,50.693,98.5,1093.0,77.0,,705.359014080005,5894722.0
Sierra Leone,2009,51.312,94.7,1054.0,84.0,,652.845806767943,6055646.0
Sierra Leone,2010,51.927,90.8,1018.0,86.0,32.7,685.039673490948,6222714.0
Sierra Leone,2011,52.594,87.0,967.0,89.0,,761.146365577281,6387251.0
Sierra Leone,2012,53.159,83.4,915.0,91.0,,937.504428180231,6551080.0
Sierra Leone,2013,54.051,80.0,842.0,92.0,,1117.47183075115,6714051.0
Sierra Leone,2014,54.281,77.7,821.0,83.0,29.1,1117.7586465721,6876385.0
Sierra Leone,2015,55.454,76.9,730.0,86.0,,964.575980888989,7037655.0
Sierra Leone,2016,56.937,71.3,633.0,84.0,,844.416411175476,7205328.0
Sierra Leone,2017,57.761,68.8,578.0,90.0,31.0,779.186007841728,7379299.0
Sierra Leone,2018,59.059,66.3,491.0,93.0,,845.914540460932,7554563.0
Sierra Leone,2019,59.593,64.1,464.0,95.0,29.5,844.049555179116,7731991.0
Sierra Leone,2020,59.694,61.9,422.0,91.0,,845.982914284565,7912558.0
Sierra Leone,2021,60.26,60.0,403.0,92.0,26.3,886.192939104469,8094602.0
Sierra Leone,2022,61.275,58.0,370.0,91.0,,860.774590932595,8276807.0
Sierra Leone,2023,61.786,56.2,354.0,91.0,,757.848680560444,8460512.0
Somalia,2000,50.747,104.3,1150.0,33.0,,386.119274401275,8838713.0
Somalia,2001,50.829,104.3,1129.0,33.0,,244.914842538455,9198493.0
Somalia,2002,50.82,104.3,1121.0,40.0,,229.598918310039,9550063.0
Somalia,2003,50.721,104.3,1111.0,40.0,,286.273025198975,9909157.0
Somalia,2004,50.685,104.3,1104.0,30.0,,375.410326225387,10280998.0
Somalia,2005,50.894,104.2,1086.0,35.0,,439.979907805478,10644228.0
Somalia,2006,50.915,103.8,1085.0,26.0,42.0,457.996662206659,10975502.0
Somalia,2007,50.885,102.8,1074.0,40.0,,479.635628065289,11322582.0
Somalia,2008,51.456,101.0,1035.0,31.0,,507.03744334738,11663084.0
Somalia,2009,52.101,98.9,995.0,42.0,25.3,246.513251675105,11961201.0
Somalia,2010,48.9,112.9,1062.0,45.0,,219.202453852397,12261756.0
Somalia,2011,32.453,215.7,972.0,41.0,,235.325945610434,12348830.0
Somalia,2012,49.138,112.4,894.0,42.0,,350.261946720512,12461160.0
Somalia,2013,54.016,89.0,855.0,42.0,,393.398703952979,12869594.0
Somalia,2014,54.442,86.3,816.0,42.0,,429.431656725102,13339491.0
Somalia,2015,55.056,84.1,784.0,42.0,,445.583080073396,13806963.0
Somalia,2016,55.283,82.0,754.0,42.0,,460.928490585175,14348740.0
Somalia,2017,52.19,96.7,716.0,42.0,,510.939952317726,14916629.0
Somalia,2018,54.767,85.8,727.0,42.0,,509.525801898508,15452487.0
Somalia,2019,57.249,75.7,656.0,42.0,,539.893931565407,16030971.0
Somalia,2020,57.095,73.7,655.0,42.0,,518.184778494334,16651191.0
Somalia,2021,55.703,71.8,726.0,42.0,,549.114742721701,17271431.0
Somalia,2022,53.931,89.9,622.0,42.0,,573.128092472349,17801897.0
Somalia,2023,58.816,67.8,563.0,42.0,,597.458854603043,18358615.0
South Africa,2000,58.368,46.9,175.0,73.0,,3217.84693448467,47159719.0
South Africa,2001,57.161,47.6,192.0,71.0,,2847.15191945908,47566800.0
South Africa,2002,55.58,48.0,225.0,70.0,,2688.23676032806,48019415.0
South Africa,2003,54.245,48.6,245.0,69.0,,4062.21755993786,48500348.0
South Africa,2004,53.963,49.0,259.0,74.0,,5221.46333731721,48991421.0
South Africa,2005,53.914,47.9,279.0,81.0,,5836.87663325127,49490033.0
South Africa,2006,54.22,46.0,283.0,84.0,,6077.38293388876,49998277.0
South Africa,2007,54.948,43.8,272.0,85.0,,6591.85535960564,50528584.0
South Africa,2008,55.982,40.6,272.0,82.0,25.0,6184.75474328399,51114599.0
South Africa,2009,57.413,37.7,241.0,81.0,,6374.70560042992,51728516.0
South Africa,2010,58.886,35.4,226.0,77.0,,7973.47195771517,52344051.0
South Africa,2011,60.602,33.9,202.0,75.0,,8646.05571071635,52995205.0
South Africa,2012,61.737,33.0,194.0,71.0,,8076.97678479741,53782567.0
South Africa,2013,62.388,32.0,180.0,81.0,,7331.65467384919,54678791.0
South Africa,2014,63.184,30.9,162.0,85.0,,6856.73137092522,55594838.0
South Africa,2015,64.053,29.7,150.0,85.0,21.2,6112.27382485974,56723537.0
South Africa,2016,64.749,28.4,141.0,85.0,27.4,5651.20585165749,57259551.0
South Africa,2017,65.422,27.3,134.0,84.0,21.3,6618.33508255701,57635162.0
South Africa,2018,65.726,26.3,128.0,82.0,,6914.1780318076,58613001.0
South Africa,2019,66.071,25.6,119.0,85.0,,6533.71121032856,59587885.0
South Africa,2020,65.15,25.0,118.0,84.0,,5580.60383075189,60562381.0
South Africa,2021,62.01,24.7,191.0,86.0,,6843.39941886204,61502603.0
South Africa,2022,65.454,24.5,129.0,85.0,,6523.41097815853,62378410.0
South Africa,2023,66.139,24.4,118.0,79.0,,6022.54254192335,63212384.0
South Sudan,2000,47.591,118.5,1658.0,,,,6032267.0
South Sudan,2001,48.55,114.0,1580.0,,,,6308391.0
South Sudan,2002,49.394,109.6,1521.0,,,,6596806.0
South Sudan,2003,52.324,105.1,1199.0,,,,6903127.0
South Sudan,2004,53.052,100.8,1150.0,,,,7233041.0
South Sudan,2005,53.965,96.6,1074.0,,,,7590143.0
South Sudan,2006,54.653,92.6,1005.0,,36.2,,7976526.0
South Sudan,2007,55.425,89.0,933.0,,,,8388788.0
South Sudan,2008,56.28,85.5,858.0,,,1654.21153546555,8817647.0
South Sudan,2009,56.848,82.1,823.0,,,1323.22068747862,9243556.0
South Sudan,2010,57.485,79.0,776.0,,31.3,1498.27034985194,9745953.0
South Sudan,2011,57.674,76.1,770.0,61.0,,1448.98435006408,10288109.0
South Sudan,2012,58.241,74.0,755.0,63.0,,1109.26050083408,10756240.0
South Sudan,2013,58.285,72.9,771.0,53.0,,1650.18943353528,11166275.0
South Sudan,2014,45.625,117.7,1216.0,50.0,,1242.73450181032,11235073.0
South Sudan,2015,39.757,148.5,1436.0,46.0,,1080.14718624765,11107561.0
South Sudan,2016,36.72,164.1,1629.0,45.0,,,10830102.0
South Sudan,2017,35.351,172.9,1662.0,52.0,,,10259154.0
South Sudan,2018,51.905,91.8,913.0,59.0,,,10122977.0
South Sudan,2019,58.129,72.6,745.0,61.0,,,10423384.0
South Sudan,2020,57.648,72.6,729.0,67.0,,,10698467.0
South Sudan,2021,57.047,72.6,749.0,69.0,,,10865780.0
South Sudan,2022,57.203,72.6,704.0,73.0,,,11021177.0
South Sudan,2023,57.617,72.6,692.0,73.0,,,11483374.0
Sudan,2000,58.946,70.8,645.0,62.0,,362.116882324219,27816745.0
Sudan,2001,59.264,68.9,616.0,66.0,,451.293304443359,28516770.0
Sudan,2002,59.308,66.9,588.0,60.0,,506.262634277344,29228727.0
Sudan,2003,58.319,65.0,593.0,69.0,,580.320251464844,29896035.0
Sudan,2004,56.773,68.2,536.0,74.0,,705.113342285156,30556637.0
Sudan,2005,57.226,66.8,506.0,78.0,,905.543640136719,31262444.0
Sudan,2006,60.4,59.9,485.0,78.0,38.3,1132.474609375,31992435.0
Sudan,2007,61.442,58.4,445.0,84.0,,1444.37219238281,32764135.0
Sudan,2008,61.261,57.0,426.0,86.0,,1527.58239746094,33623980.0
Sudan,2009,62.676,55.7,382.0,81.0,,1178.22180175781,34569113.0
Sudan,2010,62.979,54.5,370.0,90.0,34.1,1305.63598632813,35414399.0
Sudan,2011,63.181,53.4,357.0,93.0,,1332.6572265625,36140806.0
Sudan,2012,63.427,52.3,340.0,92.0,,1019.22210693359,36923178.0
Sudan,2013,63.443,51.3,327.0,93.0,,1138.62780761719,37785849.0
Sudan,2014,63.99,50.1,309.0,94.0,38.2,1275.43835449219,38823318.0
Sudan,2015,64.375,49.0,298.0,93.0,,1292.37963867188,40024431.0
Sudan,2016,64.677,47.8,288.0,93.0,,1033.21594238281,41259892.0
Sudan,2017,65.146,46.5,277.0,95.0,,966.505676269531,42714306.0
Sudan,2018,65.501,45.3,268.0,93.0,,731.027465820313,44230596.0
Sudan,2019,65.803,44.0,262.0,93.0,,709.975280761719,45548175.0
Sudan,2020,65.124,42.8,273.0,90.0,,577.795227050781,46789231.0
Sudan,2021,64.46,41.6,305.0,84.0,,712.122009277344,48066924.0
Sudan,2022,65.695,40.3,263.0,68.0,,1046.24084472656,49383346.0
Sudan,2023,66.331,39.2,256.0,51.0,,797.283447265625,50042791.0
Tanzania,2000,53.244,85.3,568.0,79.0,,401.698150634766,34260139.0
Tanzania,2001,54.124,80.4,493.0,87.0,,396.638732910156,35198299.0
Tanzania,2002,54.94,75.4,454.0,89.0,,402.649047851563,36121304.0
Tanzania,2003,55.929,70.7,397.0,95.0,,422.18359375,37089555.0
Tanzania,2004,56.836,66.4,365.0,95.0,44.4,450.385284423828,38109668.0
Tanzania,2005,57.675,62.3,350.0,90.0,,483.334869384766,39182076.0
Tanzania,2006,58.512,59.0,366.0,90.0,,475.746734619141,40294902.0
Tanzania,2007,59.26,55.6,453.0,83.0,,543.198303222656,41435512.0
Tanzania,2008,59.896,53.2,511.0,86.0,,675.977233886719,42570728.0
Tanzania,2009,60.494,50.5,502.0,85.0,43.2,693.823547363281,43633982.0
Tanzania,2010,61.127,48.5,486.0,91.0,42.1,736.530151367188,44758488.0
Tanzania,2011,61.618,46.6,475.0,90.0,35.0,775.392761230469,46029367.0
Tanzania,2012,62.286,45.0,448.0,92.0,,861.969909667969,47374260.0
Tanzania,2013,62.788,43.7,479.0,91.0,37.4,963.05712890625,48824128.0
Tanzania,2014,63.364,42.3,454.0,97.0,34.7,1022.74841308594,50351512.0
Tanzania,2015,63.928,41.1,433.0,96.0,34.5,939.127319335938,52020962.0
Tanzania,2016,64.404,39.5,396.0,92.0,,953.0107421875,53824013.0
Tanzania,2017,64.963,37.7,345.0,90.0,,986.674011230469,55652890.0
Tanzania,2018,65.488,36.0,319.0,89.0,31.8,1023.10626220703,57437145.0
Tanzania,2019,66.007,34.7,292.0,91.0,,1063.32250976563,59174891.0
Tanzania,2020,66.771,33.5,160.0,91.0,,1117.41528320313,60972798.0
Tanzania,2021,66.131,32.4,162.0,86.0,32.7,1159.85656738281,62830412.0
Tanzania,2022,66.879,31.2,152.0,93.0,30.0,1207.85302734375,64711821.0
Tanzania,2023,66.995,29.9,276.0,93.0,,1224.48962402344,66617606.0
Togo,2000,54.577,70.8,496.0,64.0,,409.889802792768,5140037.0
Togo,2001,54.746,68.7,478.0,50.0,,396.692654520135,5277382.0
Togo,2002,55.032,66.7,447.0,59.0,,445.238691488925,5413274.0
Togo,2003,55.299,64.7,431.0,72.0,,538.16537776929,5552167.0
Togo,2004,55.594,62.8,431.0,71.0,,560.266308533382,5696508.0
Togo,2005,55.916,61.0,434.0,82.0,,551.259850017077,5844631.0
Togo,2006,56.142,59.3,453.0,84.0,29.9,552.50227125256,6010668.0
Togo,2007,56.382,57.7,448.0,82.0,,607.588224471809,6188344.0
Togo,2008,56.651,56.1,457.0,81.0,26.9,718.948786366771,6368812.0
Togo,2009,56.927,54.6,471.0,78.0,27.0,720.694168794129,6551865.0
Togo,2010,57.227,53.0,497.0,83.0,27.0,704.987164181378,6732590.0
Togo,2011,57.612,51.4,501.0,85.0,,783.989380490906,6916474.0
Togo,2012,57.94,49.8,506.0,84.0,26.2,762.392047587088,7100736.0
Togo,2013,58.345,48.3,500.0,84.0,,826.543259457126,7285442.0
Togo,2014,58.766,46.8,490.0,84.0,27.6,855.585284856656,7472450.0
Togo,2015,59.22,45.4,470.0,82.0,,751.052405084336,7663195.0
Togo,2016,59.669,44.0,460.0,82.0,,772.581787093976,7858289.0
Togo,2017,60.135,42.7,443.0,83.0,23.8,792.765487219069,8057140.0
Togo,2018,60.601,41.4,435.0,81.0,,851.130806891807,8258778.0
Togo,2019,61.055,40.2,416.0,84.0,,826.260654099894,8463068.0
Togo,2020,61.123,39.1,398.0,82.0,,853.578220263722,8669720.0
Togo,2021,61.328,38.0,397.0,83.0,,939.613373786407,8878379.0
Togo,2022,62.29,36.9,362.0,82.0,,898.758154410712,9089738.0
Togo,2023,62.739,35.9,349.0,85.0,,985.697512629974,9304337.0
Tunisia,2000,72.604,23.9,56.0,97.0,16.8,2199.04465936314,9764935.0
Tunisia,2001,72.822,22.7,55.0,98.0,,2235.71981624751,9869677.0
Tunisia,2002,73.07,21.5,53.0,96.0,,2320.7723805785,9971515.0
Tunisia,2003,73.304,20.5,52.0,95.0,,2725.8643148859,10071632.0
Tunisia,2004,73.519,19.6,50.0,97.0,,3067.41936376975,10166163.0
Tunisia,2005,73.712,18.9,49.0,98.0,,3146.8260743927,10255472.0
Tunisia,2006,73.888,18.2,48.0,99.0,9.0,3322.56933570096,10346410.0
Tunisia,2007,74.039,17.7,46.0,98.0,,3726.91672935667,10441702.0
Tunisia,2008,74.192,17.2,45.0,99.0,,4255.05008019523,10542635.0
Tunisia,2009,74.32,16.9,44.0,99.0,,4080.09032448781,10650681.0
Tunisia,2010,74.438,16.7,44.0,98.0,,4291.86120891575,10765980.0
Tunisia,2011,74.471,16.5,44.0,98.0,,4420.64772206537,10886035.0
Tunisia,2012,74.599,16.3,43.0,97.0,10.1,4297.26782454273,11009647.0
Tunisia,2013,74.674,16.2,43.0,98.0,,4369.79345826358,11141361.0
Tunisia,2014,74.784,16.1,42.0,98.0,,4458.97895464547,11274288.0
Tunisia,2015,74.875,16.0,40.0,98.0,,4014.94773686432,11402264.0
Tunisia,2016,75.007,15.8,39.0,98.0,,3847.80354448809,11528674.0
Tunisia,2017,75.177,15.5,38.0,98.0,,3619.03247319953,11650498.0
Tunisia,2018,75.37,15.1,38.0,97.0,8.4,3628.10366464236,11765514.0
Tunisia,2019,75.599,14.4,37.0,98.0,,3528.87213306798,11875081.0
Tunisia,2020,75.004,13.5,40.0,97.0,,3548.65363663803,11974057.0
Tunisia,2021,72.893,12.5,65.0,97.0,,3906.93926319391,12048622.0
Tunisia,2022,76.05,11.5,38.0,97.0,,3708.8481241036,12119334.0
Tunisia,2023,76.508,10.6,36.0,97.0,,3950.3753419816,12200431.0
Uganda,2000,49.64,89.8,475.0,52.0,44.9,258.050338731086,24000150.0
Uganda,2001,50.576,85.9,440.0,55.0,,236.021188853993,24745676.0
Uganda,2002,51.443,81.4,416.0,57.0,,241.984688408335,25532870.0
Uganda,2003,52.414,76.6,395.0,59.0,,250.71543664681,26352124.0
Uganda,2004,53.699,71.7,384.0,62.0,,292.38185796262,27154515.0
Uganda,2005,54.926,67.0,417.0,64.0,,330.405402707025,27963289.0
Uganda,2006,56.118,62.7,409.0,64.0,38.4,346.518255310647,28794003.0
Uganda,2007,57.248,58.7,345.0,73.0,,401.389130865581,29653430.0
Uganda,2008,58.253,55.1,324.0,71.0,,472.842681495852,30539553.0
Uganda,2009,59.157,52.4,322.0,79.0,38.2,798.947089938247,31451151.0
Uganda,2010,59.959,49.5,304.0,80.0,,823.488144282,32390802.0
Uganda,2011,60.791,46.7,295.0,82.0,33.5,835.620060555838,33354543.0
Uganda,2012,61.579,44.1,285.0,83.0,33.7,795.222867553127,34337438.0
Uganda,2013,62.353,42.2,308.0,84.0,,818.285427416713,35337042.0
Uganda,2014,63.057,40.3,311.0,85.0,34.0,896.054795546394,36395539.0
Uganda,2015,63.831,38.4,299.0,89.0,30.4,862.934610355811,37531446.0
Uganda,2016,64.494,36.4,272.0,93.0,28.9,752.696571725656,38799152.0
Uganda,2017,65.174,34.6,246.0,94.0,,765.218332297361,40177388.0
Uganda,2018,65.775,32.9,232.0,93.0,23.9,792.16570022814,41565831.0
Uganda,2019,66.354,31.7,219.0,93.0,,822.171150141651,42999637.0
Uganda,2020,66.41,30.6,209.0,89.0,25.4,845.76646385001,44457152.0
Uganda,2021,66.45,29.5,216.0,91.0,,882.791717442001,45910930.0
Uganda,2022,67.675,28.7,184.0,89.0,24.4,963.067314233497,47312719.0
Uganda,2023,68.252,27.6,170.0,91.0,,1002.30913908852,48656601.0
Zambia,2000,46.577,89.4,340.0,85.0,,359.429500988221,10017631.0
Zambia,2001,47.408,84.6,306.0,85.0,,396.548952993504,10325185.0
Zambia,2002,48.461,78.8,274.0,84.0,52.5,393.864625518616,10647949.0
Zambia,2003,49.616,72.9,250.0,83.0,,446.290104839041,10983595.0
Zambia,2004,50.54,66.7,260.0,83.0,,548.685974566277,11338198.0
Zambia,2005,51.615,61.2,264.0,82.0,,710.982068171696,11718819.0
Zambia,2006,52.693,57.5,262.0,81.0,,1051.71714895686,12129553.0
Zambia,2007,53.73,55.4,324.0,80.0,45.8,1118.73162626953,12565085.0
Zambia,2008,54.835,52.9,394.0,87.0,,1375.50211006997,13021324.0
Zambia,2009,55.886,50.7,406.0,94.0,,1136.24168316848,13490389.0
Zambia,2010,56.896,49.0,332.0,83.0,,1451.10616017155,13965594.0
Zambia,2011,57.843,47.6,291.0,81.0,,1624.86817763443,14437796.0
Zambia,2012,58.704,46.4,256.0,78.0,,1710.05061343728,14913629.0
Zambia,2013,59.445,44.7,213.0,79.0,40.0,1820.71854827391,15398997.0
Zambia,2014,60.109,43.3,174.0,86.0,,1707.48573136694,15895315.0
Zambia,2015,60.728,42.5,154.0,90.0,,1295.87788680068,16399089.0
Zambia,2016,61.129,40.9,158.0,95.0,,1239.08527877713,16914423.0
Zambia,2017,61.564,38.8,141.0,94.0,,1483.46577328065,17441320.0
Zambia,2018,62.138,37.5,117.0,90.0,34.6,1463.89997855593,17973569.0
Zambia,2019,62.914,35.7,103.0,88.0,,1258.98619844462,18513839.0
Zambia,2020,63.361,34.5,99.0,84.0,,951.644316655957,19059395.0
Zambia,2021,62.363,33.4,140.0,91.0,,1127.16077872857,19603607.0
Zambia,2022,65.279,32.2,89.0,82.0,,1447.12310138035,20152938.0
Zambia,2023,66.349,30.9,85.0,80.0,,1330.72780576709,20723965.0
Zimbabwe,2000,46.034,59.3,405.0,78.0,,562.556945680495,11892055.0
Zimbabwe,2001,44.525,61.1,467.0,75.0,,566.107692145462,11971901.0
Zimbabwe,2002,45.938,58.3,418.0,71.0,,524.677281078209,12087653.0
Zimbabwe,2003,45.373,61.0,455.0,68.0,,468.234223473035,12232323.0
Zimbabwe,2004,46.043,64.2,451.0,65.0,,469.484691401035,12365896.0
Zimbabwe,2005,46.57,66.6,454.0,68.0,35.3,461.028318446444,12483432.0
Zimbabwe,2006,47.056,69.5,480.0,70.0,,430.809214010242,12636445.0
Zimbabwe,2007,47.576,71.5,519.0,73.0,,413.302605010004,12804058.0
Zimbabwe,2008,48.456,71.7,526.0,75.0,,340.740210298158,12959149.0
Zimbabwe,2009,49.75,70.7,540.0,73.0,35.1,735.446248561806,13142790.0
Zimbabwe,2010,51.925,67.6,567.0,89.0,32.2,901.55051752819,13356548.0
Zimbabwe,2011,53.911,64.7,564.0,93.0,,1037.24613741902,13595424.0
Zimbabwe,2012,55.386,59.9,558.0,95.0,30.5,1238.59479481433,13817887.0
Zimbabwe,2013,56.842,57.0,525.0,95.0,,1362.29952932396,14013808.0
Zimbabwe,2014,58.106,54.3,468.0,91.0,27.6,1372.21474610373,14207359.0
Zimbabwe,2015,58.989,52.8,428.0,87.0,27.1,1386.41855927575,14399013.0
Zimbabwe,2016,59.76,50.8,411.0,90.0,,1407.42096413212,14600294.0
Zimbabwe,2017,60.263,49.2,389.0,89.0,,3448.08699068824,14812482.0
Zimbabwe,2018,60.906,47.4,386.0,89.0,,2271.85250365817,15034452.0
Zimbabwe,2019,61.06,46.0,388.0,90.0,23.5,1683.91313584141,15271368.0
Zimbabwe,2020,61.53,44.9,380.0,86.0,,1730.45391034701,15526888.0
Zimbabwe,2021,60.135,43.6,446.0,88.0,,1724.38727102272,15797210.0
Zimbabwe,2022,62.36,42.2,368.0,90.0,,2040.54658705395,16069056.0
Zimbabwe,2023,62.775,40.6,358.0,90.0,,2156.03409322984,16340822.0
