Country Name,Country Code,Series Name,Series Code,2000 [YR2000],2001 [YR2001],2002 [YR2002],2003 [YR2003],2004 [YR2004],2005 [YR2005],2006 [YR2006],2007 [YR2007],2008 [YR2008],2009 [YR2009],2010 [YR2010],2011 [YR2011],2012 [YR2012],2013 [YR2013],2014 [YR2014],2015 [YR2015],2016 [YR2016],2017 [YR2017],2018 [YR2018],2019 [YR2019],2020 [YR2020],2021 [YR2021],2022 [YR2022],2023 [YR2023]
Algeria,DZA,"Maternal mortality ratio (modeled estimate, per 100,000 live births)",SH.STA.MMRT,123,113,102,101,91,87,84,83,83,83,82,81,81,81,80,79,79,77,75,73,97,79,64,62
Algeria,DZA,"Life expectancy at birth, total (years)",SP.DYN.LE00.IN,70.576,71.025,71.644,71.906,72.536,72.836,73.116,73.346,73.618,73.871,74.144,74.383,74.609,74.809,74.992,75.159,75.31,75.431,75.555,75.682,73.257,75.208,76.129,76.261
Algeria,DZA,"Mortality rate, under-5 (per 1,000 live births)",SH.DYN.MORT,41.6,40.1,38.5,37,35.4,34,32.6,31.3,30.1,29,28.1,27.3,26.6,26,25.4,24.9,24.5,24,23.7,23.3,22.9,22.6,22.3,22
Algeria,DZA,"Mortality rate, infant (per 1,000 live births)",SP.DYN.IMRT.IN,34.7,33.6,32.4,31.3,30.1,29,27.9,26.9,25.9,25.1,24.4,23.8,23.2,22.7,22.3,21.9,21.6,21.3,21,20.7,20.4,20.2,20,19.7
Algeria,DZA,"Immunization, DPT (% of children ages 12-23 months)",SH.IMM.IDPT,86,89,86,87,86,88,95,95,93,95,95,95,95,95,95,95,91,91,91,88,84,81,77,92
Algeria,DZA,"Prevalence of stunting, height for age (% of children under 5)",SH.STA.STNT.ZS,23.6,..,24,..,..,..,15.4,..,..,..,..,..,11.7,..,..,..,..,..,..,9.8,..,..,..,..
Algeria,DZA,GDP per capita (current US$),NY.GDP.PCAP.CD,1772.92869122761,1896.30020878013,1937.46411413019,2283.77299346126,2816.99384960555,3233.13339634212,3660.66104745322,4167.45169937531,5180.91881514686,4235.42990456612,4912.78585503672,5916.31364364343,6033.64884689543,5979.60138960585,6094.69392314956,4685.05902729002,4424.98529027556,4554.66753957828,4577.21029180491,4468.45341883656,3743.5419522929,4160.55926736925,4961.55257664733,5364.02795022731
Algeria,DZA,"Population, total",SP.POP.TOTL,30903893,31331221,31750835,32175818,32628286,33109249,33623506,34189416,34816961,35490445,36188236,36903376,37646166,38414171,39205031,40019529,40850721,41689299,42505035,43294546,44042091,44761099,45477389,46164219
Angola,AGO,"Maternal mortality ratio (modeled estimate, per 100,000 live births)",SH.STA.MMRT,659,629,602,538,499,462,437,401,372,348,321,301,278,267,262,249,236,220,208,202,195,211,185,183
Angola,AGO,"Life expectancy at birth, total (years)",SP.DYN.LE00.IN,46.501,47.032,47.874,50.218,51.123,52.13,52.965,54.2,55.281,56.225,57.242,58.093,58.916,59.705,60.396,61.042,61.619,62.122,62.622,63.051,63.116,62.958,64.246,64.617
Angola,AGO,"Mortality rate, under-5 (per 1,000 live births)",SH.DYN.MORT,203,196.9,189.9,182.2,173.8,165,155.5,146,137,128.2,119.8,112.1,104.8,98.3,92.8,88.2,84.1,80.5,77.3,74.4,71.6,69,66.4,64
Angola,AGO,"Mortality rate, infant (per 1,000 live births)",SP.DYN.IMRT.IN,115,111.9,108.1,104,99.3,94.4,89.1,83.8,78.7,73.7,68.9,64.4,60.4,56.7,53.6,51.1,48.9,47,45.3,43.8,42.3,40.9,39.6,38.3
Angola,AGO,"Immunization, DPT (% of children ages 12-23 months)",SH.IMM.IDPT,31,42,47,46,47,47,44,48,49,50,51,52,53,54,55,59,59,56,63,57,51,45,42,54
Angola,AGO,"Prevalence of stunting, height for age (% of children under 5)",SH.STA.STNT.ZS,..,..,..,..,..,..,..,29.2,..,..,..,..,..,..,..,37.6,..,..,..,..,..,..,..,..
Angola,AGO,GDP per capita (current US$),NY.GDP.PCAP.CD,563.733795571487,533.586202412447,882.147847234303,992.698979254665,1266.21086410236,1916.46842218625,2617.05196022633,3141.0459797605,4103.0669003635,3136.64546955947,3597.34293216332,4615.91059831778,5086.02740086376,5057.74787833163,5005.9997412707,3213.90261080059,1807.95294072643,2437.25971190821,2538.59139143371,2189.85571407618,1449.92286669308,1925.87466082167,2929.69445467272,2309.53413042773
Angola,AGO,"Population, total",SP.POP.TOTL,16194869,16747208,17327699,17943712,18600423,19291161,20015279,20778561,21578655,22414773,23294825,24218352,25177394,26165620,27160769,28157798,29183070,30234839,31297155,32375632,33451132,34532429,35635029,36749906
Benin,BEN,"Maternal mortality ratio (modeled estimate, per 100,000 live births)",SH.STA.MMRT,529,532,534,532,531,514,509,501,563,598,607,613,618,607,605,606,604,592,585,572,578,584,547,518
Benin,BEN,"Life expectancy at birth, total (years)",SP.DYN.LE00.IN,56.594,56.654,56.851,57.092,57.346,57.738,57.966,58.249,58.099,58.258,58.387,58.462,58.559,58.863,59.008,59.123,59.283,59.528,59.71,59.888,60.154,59.61,60.475,60.774
Benin,BEN,"Mortality rate, under-5 (per 1,000 live births)",SH.DYN.MORT,136.1,132.8,129.6,126.5,123.5,120.6,117.9,115.4,113,110.6,108.4,106.2,103.9,101.6,99.3,97.1,95,92.7,90.5,88,85.5,83.1,80.4,77.9
Benin,BEN,"Mortality rate, infant (per 1,000 live births)",SP.DYN.IMRT.IN,79.7,77.8,76,74.2,72.5,70.9,69.3,67.9,66.4,65.1,63.7,62.4,61,59.7,58.3,57,55.7,54.4,53.1,51.8,50.4,49.1,47.7,46.4
Benin,BEN,"Immunization, DPT (% of children ages 12-23 months)",SH.IMM.IDPT,78,76,75,73,72,70,74,82,75,79,76,75,80,77,74,74,76,75,73,72,70,70,69,69
Benin,BEN,"Prevalence of stunting, height for age (% of children under 5)",SH.STA.STNT.ZS,..,36.2,..,..,..,..,..,..,37.4,..,..,..,..,..,34,..,..,..,32.2,..,..,34.1,..,..
Benin,BEN,GDP per capita (current US$),NY.GDP.PCAP.CD,487.424141384242,492.401499509072,546.463829658159,676.002878084282,758.695803786371,779.437777753268,809.147072506221,912.338247188342,1060.60254502099,1024.10277858112,973.244254931526,1059.41358852588,1071.5258366283,1168.92699279226,1204.39918670094,1002.41886879614,1010.5338961993,1054.97408066814,1151.7409703472,1130.82135339795,1200.19426631122,1318.65158107487,1266.42710981159,1394.17784663045
Benin,BEN,"Population, total",SP.POP.TOTL,7221619,7445596,7675426,7913070,8159094,8426144,8693242,8953969,9228466,9509423,9797484,10093623,10397657,10708834,11030004,11360681,11697842,12039780,12383347,12726755,13070169,13413417,13759501,14111034
Burkina Faso,BFA,"Maternal mortality ratio (modeled estimate, per 100,000 live births)",SH.STA.MMRT,524,513,508,495,481,467,463,453,429,419,404,388,376,361,344,328,313,298,286,274,334,354,316,242
Burkina Faso,BFA,"Life expectancy at birth, total (years)",SP.DYN.LE00.IN,50.808,51.188,51.447,51.959,52.6,53.271,53.784,54.377,55.199,55.791,56.343,57.001,57.457,57.903,58.331,58.778,59.173,59.578,59.972,60.184,60.454,60.046,60.7,61.092
Burkina Faso,BFA,"Mortality rate, under-5 (per 1,000 live births)",SH.DYN.MORT,178.1,174,169.3,164.3,158.6,152.3,145.7,139,132.7,126.8,121.5,116.8,112.6,108.6,104.7,101.1,97.7,94.3,91.2,88.2,85.3,82.5,79.9,77.3
Burkina Faso,BFA,"Mortality rate, infant (per 1,000 live births)",SP.DYN.IMRT.IN,92.4,90.5,88.3,85.9,83.2,80.3,77.1,73.9,71,68.2,65.7,63.5,61.6,59.8,58,56.3,54.7,53.1,51.6,50.2,48.7,47.3,46.1,44.8
Burkina Faso,BFA,"Immunization, DPT (% of children ages 12-23 months)",SH.IMM.IDPT,45,62,69,79,79,82,86,89,93,92,91,91,90,88,91,91,91,91,91,91,91,91,93,94
Burkina Faso,BFA,"Prevalence of stunting, height for age (% of children under 5)",SH.STA.STNT.ZS,..,..,..,..,..,..,..,..,..,35.1,34.9,34.6,32.8,31.3,29,30.1,26.8,21.1,24.9,23.8,17.5,21.1,..,..
Burkina Faso,BFA,GDP per capita (current US$),NY.GDP.PCAP.CD,248.908526921752,259.485223380436,285.654087637533,362.373899996953,403.81283743461,441.164148016012,455.513655620024,514.684451177238,619.437533256264,601.569520671859,624.957252224766,725.024767725475,731.470138867833,759.762065168498,764.861675106225,630.124750752312,663.742364842886,709.091535894695,777.465618514048,764.853077774946,825.237038782475,895.535288442991,836.118304593682,882.689810086163
Burkina Faso,BFA,"Population, total",SP.POP.TOTL,11925546,12295001,12680897,13082532,13500533,13932123,14373707,14816307,15258093,15710066,16176498,16661908,17172287,17695409,18229461,18777487,19334856,19894407,20438288,20961952,21478690,21995243,22509038,23025776
Burundi,BDI,"Maternal mortality ratio (modeled estimate, per 100,000 live births)",SH.STA.MMRT,860,799,743,705,687,685,670,655,635,612,614,597,575,555,533,525,501,482,464,449,441,447,412,392
Burundi,BDI,"Life expectancy at birth, total (years)",SP.DYN.LE00.IN,47.617,48.509,49.924,50.997,52.217,53.053,53.962,54.832,55.581,56.422,57.088,57.804,58.501,59.179,59.764,60.107,60.789,61.345,61.806,62.18,62.569,62.101,62.882,63.651
Burundi,BDI,"Mortality rate, under-5 (per 1,000 live births)",SH.DYN.MORT,153.7,148.5,143,137.3,131,124.1,116.8,109.7,102.8,96.6,90.8,85.3,80.2,75.5,71.3,67.6,64.4,61.5,59,56.7,54.6,52.6,50.8,49.2
Burundi,BDI,"Mortality rate, infant (per 1,000 live births)",SP.DYN.IMRT.IN,88.6,86.1,83.3,80.4,77.1,73.4,69.5,65.6,61.8,58.3,55,51.9,49,46.3,44,41.8,40,38.4,37,35.6,34.5,33.4,32.4,31.5
Burundi,BDI,"Immunization, DPT (% of children ages 12-23 months)",SH.IMM.IDPT,80,81,81,82,83,87,92,99,92,94,96,96,96,96,95,94,94,91,90,93,93,94,91,89
Burundi,BDI,"Prevalence of stunting, height for age (% of children under 5)",SH.STA.STNT.ZS,64,..,..,..,..,57.7,..,..,..,..,57.6,..,52,..,..,..,55.9,..,56.6,54,50.9,..,55.8,58
Burundi,BDI,GDP per capita (current US$),NY.GDP.PCAP.CD,134.537861752389,132.159554541932,120.952308575468,111.406682804391,125.194965184533,147.234619294225,161.892755640319,166.162744906755,189.502074570768,199.097633037708,216.727705301976,230.070577369084,231.688496393569,234.843045388828,250.540481111877,280.966831311923,235.286205393908,236.694472592753,224.89939239264,210.236494521532,210.008139902508,214.091455416133,250.634225368744,192.074305359351
Burundi,BDI,"Population, total",SP.POP.TOTL,6470194,6634365,6824132,7043154,7310656,7587299,7865547,8161874,8505637,8947646,9376444,9717978,10071028,10439341,10799785,11047580,11239451,11506762,11859446,12255336,12617036,12965481,13321097,13689450
Cabo Verde,CPV,"Maternal mortality ratio (modeled estimate, per 100,000 live births)",SH.STA.MMRT,110,101,92,86,80,75,76,73,68,62,61,55,51,50,48,46,44,43,43,41,56,56,42,40
Cabo Verde,CPV,"Life expectancy at birth, total (years)",SP.DYN.LE00.IN,68.117,68.707,69.447,70.006,70.499,70.936,71.341,71.487,71.888,72.142,72.507,72.913,73.315,73.481,73.788,74.096,74.35,74.71,74.84,75.449,73.818,74.424,75.907,76.059
Cabo Verde,CPV,"Mortality rate, under-5 (per 1,000 live births)",SH.DYN.MORT,36,32.8,30.5,29,28.2,28,28,28,27.9,27.5,26.7,25.6,24.2,22.6,20.9,19.1,17.6,16.2,15.1,14.1,13.3,12.7,12.1,11.6
Cabo Verde,CPV,"Mortality rate, infant (per 1,000 live births)",SP.DYN.IMRT.IN,29.4,27,25.3,24.3,23.9,23.9,24.1,24.3,24.4,24.3,23.8,22.9,21.8,20.5,19,17.6,16.2,15,14,13.2,12.5,12,11.5,11
Cabo Verde,CPV,"Immunization, DPT (% of children ages 12-23 months)",SH.IMM.IDPT,90,90,91,92,93,95,96,98,99,99,99,90,94,93,95,93,96,96,98,96,93,93,93,93
Cabo Verde,CPV,"Prevalence of stunting, height for age (% of children under 5)",SH.STA.STNT.ZS,..,..,..,..,..,..,..,..,..,..,..,..,..,..,..,..,..,..,6,..,..,..,..,..
Cabo Verde,CPV,GDP per capita (current US$),NY.GDP.PCAP.CD,1189.51479345891,1223.33055331575,1328.57874270666,1717.97565369655,1929.49081468781,2004.14680417563,2256.99666191075,3324.57675212498,3908.64885822576,3659.72046361628,3579.46006137809,4002.01386888785,3736.81517011087,3960.97596791345,3985.60706548134,3415.06266730931,3608.96605234906,3893.09571382506,4294.96510035729,4380.78117331128,3539.22661248299,3971.44409203423,4323.31362032709,4861.29184126229
Cabo Verde,CPV,"Population, total",SP.POP.TOTL,453317,460293,467046,473383,479370,485115,490728,496190,501355,506141,509784,511447,511955,512225,512326,512394,512554,512893,513415,514104,514679,516649,519741,522331
Cameroon,CMR,"Maternal mortality ratio (modeled estimate, per 100,000 live births)",SH.STA.MMRT,678,672,658,645,633,629,615,605,592,579,562,541,500,469,440,417,393,372,354,336,316,342,276,258
Cameroon,CMR,"Life expectancy at birth, total (years)",SP.DYN.LE00.IN,53.338,53.598,53.922,54.253,54.578,54.904,55.301,55.71,56.116,56.486,56.965,57.482,58.17,58.73,59.13,59.687,60.293,60.817,61.189,61.695,61.674,61.146,62.443,63.7
Cameroon,CMR,"Mortality rate, under-5 (per 1,000 live births)",SH.DYN.MORT,144.4,141.4,138.1,134.7,131.3,128.1,124.6,121.3,117.7,114.3,110,105.9,101.6,97.3,93.1,89,85.6,82.5,79.7,77.2,74.6,72.1,69.5,67.2
Cameroon,CMR,"Mortality rate, infant (per 1,000 live births)",SP.DYN.IMRT.IN,82.8,80.9,78.8,76.9,74.9,73.3,71.3,69.7,67.9,66.3,63.9,62,59.8,57.4,55.4,53.2,51.6,49.7,48.1,46.8,45.3,43.8,42.5,41.2
Cameroon,CMR,"Immunization, DPT (% of children ages 12-23 months)",SH.IMM.IDPT,62,63,66,73,73,80,81,82,84,80,84,81,79,76,76,76,78,74,68,67,68,71,71,75
Cameroon,CMR,"Prevalence of stunting, height for age (% of children under 5)",SH.STA.STNT.ZS,..,..,..,..,35.6,..,37.6,..,..,..,..,32.6,..,..,31.7,..,..,..,28.9,..,..,..,..,..
Cameroon,CMR,GDP per capita (current US$),NY.GDP.PCAP.CD,708.565731625965,715.470296470585,789.623811072554,988.241276791846,1133.39326749673,1142.62466252106,1191.45458990968,1325.67248215933,1492.14269801453,1461.38999232337,1398.58702025047,1513.96056994878,1449.09874362279,1575.92882118897,1649.4433905949,1415.00009710569,1441.7201725688,1496.08951771242,1610.69641591017,1555.22660476477,1555.60370660749,1672.32657340872,1604.87726954895,1736.86091073524
Cameroon,CMR,"Population, total",SP.POP.TOTL,14912631,15309490,15725528,16160340,16610487,17074594,17550407,18049896,18574056,19113974,19668066,20232304,20809529,21402376,22059893,22763414,23454161,24128601,24806383,25506095,26210558,26915758,27632771,28372687
Chad,TCD,"Maternal mortality ratio (modeled estimate, per 100,000 live births)",SH.STA.MMRT,1208,1204,1199,1170,1167,1189,1220,1240,1264,1285,1284,1264,1245,1216,1198,1176,1133,1085,1020,958,877,869,775,748
Chad,TCD,"Life expectancy at birth, total (years)",SP.DYN.LE00.IN,47.937,48.306,48.36,48.609,48.687,48.86,48.747,49.21,49.503,49.828,50.107,50.426,50.765,51.051,51.141,51.32,51.603,51.875,52.447,52.993,53.082,53.136,54.528,55.069
Chad,TCD,"Mortality rate, under-5 (per 1,000 live births)",SH.DYN.MORT,183.6,180.2,176.8,173.4,170,166.5,162.9,159.2,155.4,151.5,147.7,143.9,140.1,136.5,133,129.3,125.7,122,118.3,114.6,111,107.6,104.3,101.1
Chad,TCD,"Mortality rate, infant (per 1,000 live births)",SP.DYN.IMRT.IN,102,100.3,98.5,96.6,94.8,93,91,89,87,84.9,82.8,80.7,78.6,76.6,74.8,72.8,71,69.2,67.4,65.5,63.6,61.9,60.3,58.7
Chad,TCD,"Immunization, DPT (% of children ages 12-23 months)",SH.IMM.IDPT,37,26,24,22,21,25,40,28,19,25,39,33,40,39,36,42,41,41,46,50,52,58,60,67
Chad,TCD,"Prevalence of stunting, height for age (% of children under 5)",SH.STA.STNT.ZS,38.9,..,..,..,44.4,..,..,..,..,..,38.7,..,..,..,..,31.9,..,32.1,31.9,37.8,30.5,31.1,31.9,..
Chad,TCD,GDP per capita (current US$),NY.GDP.PCAP.CD,163.121663683369,194.32295331156,219.061391951349,289.087621122168,445.850767157087,838.092107712557,906.897260572747,980.483531485103,1166.36883453841,1035.63719694254,1141.80069268412,1308.1421872538,1354.34344701937,1304.88742971475,1278.78981422494,993.990730610869,861.831767630746,854.46120040098,948.656629871231,893.336441643325,866.947814890409,946.358500208374,966.036468278568,989.058528968588
Chad,TCD,"Population, total",SP.POP.TOTL,8512093,8804124,9116192,9487833,9920036,10328092,10706424,11081660,11476296,11893754,12312575,12754997,13210998,13691079,14188678,14647621,15114655,15622759,16156531,16685223,17224679,17828273,18455316,19319064
Central African Republic,CAF,"Maternal mortality ratio (modeled estimate, per 100,000 live births)",SH.STA.MMRT,1490,1504,1496,1487,1450,1389,1337,1271,1234,1272,1230,1131,1092,1092,1034,981,962,1093,881,1650,1296,1127,841,692
Central African Republic,CAF,"Life expectancy at birth, total (years)",SP.DYN.LE00.IN,46.609,46.734,46.84,47.306,47.696,48.207,48.687,49.327,49.873,14.665,46.871,50.107,51.336,49.487,40.265,51.934,50.999,45.231,52.297,31.53,50.596,40.279,18.818,57.408
Central African Republic,CAF,"Mortality rate, under-5 (per 1,000 live births)",SH.DYN.MORT,165.5,162.8,159.4,156,152.2,148.4,143.8,139.5,135.6,478.9,149.2,125.4,122.3,133.6,182.6,114.1,126.1,152.4,119.8,243.1,122.6,171.3,387.4,92.2
Central African Republic,CAF,"Mortality rate, infant (per 1,000 live births)",SP.DYN.IMRT.IN,99.8,98.3,96.5,94.7,92.6,90.5,87.8,85.6,83.6,234.9,88.1,78.1,76.5,81,100.2,72.4,77,87.4,74,124.3,74.5,93.6,189.1,60.4
Central African Republic,CAF,"Immunization, DPT (% of children ages 12-23 months)",SH.IMM.IDPT,37,40,44,47,51,54,51,48,45,42,45,47,47,23,45,43,42,42,42,42,42,42,42,42
Central African Republic,CAF,"Prevalence of stunting, height for age (% of children under 5)",SH.STA.STNT.ZS,44.4,..,..,..,..,..,43.6,..,..,..,40.7,..,39.7,..,38,..,..,..,37.5,40.2,..,..,37.9,..
Central African Republic,CAF,GDP per capita (current US$),NY.GDP.PCAP.CD,239.154133726071,237.951702544735,248.639290978403,278.403992150941,303.461321152782,311.950023138687,333.942519903031,380.887048839475,437.24827472489,456.471673898404,476.873786950728,534.057281471636,544.395849142785,364.36696260838,409.8504859647,366.322853938121,387.176203444318,432.324025684263,455.243962859534,449.228467602439,462.879071294011,492.263142830507,467.359825026238,495.978897288721
Central African Republic,CAF,"Population, total",SP.POP.TOTL,3833416,3919487,4006077,4103086,4192826,4288810,4377579,4462770,4558984,4529047,4492995,4565021,4610848,4642419,4623182,4629320,4713663,4793511,4878657,4944703,5026628,5112100,5098039,5152421
"Congo, Dem. Rep.",COD,"Maternal mortality ratio (modeled estimate, per 100,000 live births)",SH.STA.MMRT,585,588,601,605,607,613,619,631,620,608,601,589,578,567,558,545,526,519,508,493,489,507,456,427
"Congo, Dem. Rep.",COD,"Life expectancy at birth, total (years)",SP.DYN.LE00.IN,51.887,52.205,52.371,52.952,53.534,54.001,54.498,54.954,55.388,55.798,56.411,56.911,57.35,57.795,58.236,58.658,59.081,59.495,59.926,60.242,60.428,60.044,60.979,61.895
"Congo, Dem. Rep.",COD,"Mortality rate, under-5 (per 1,000 live births)",SH.DYN.MORT,159.2,154.8,150.2,145.5,140.7,135.9,131.1,126.5,121.9,117.5,113.5,109.6,106,102.5,99,95.6,92.3,89.3,86.3,83.5,80.7,78.1,75.7,73.2
"Congo, Dem. Rep.",COD,"Mortality rate, infant (per 1,000 live births)",SP.DYN.IMRT.IN,91.2,89,86.5,84,81.3,78.6,75.9,73.3,70.7,68.3,65.9,63.8,61.8,59.9,58,56.2,54.5,52.9,51.3,49.8,48.4,47.1,45.8,44.5
"Congo, Dem. Rep.",COD,"Immunization, DPT (% of children ages 12-23 months)",SH.IMM.IDPT,40,30,38,41,54,60,62,65,68,71,60,70,71,71,73,70,70,71,71,73,70,65,65,60
"Congo, Dem. Rep.",COD,"Prevalence of stunting, height for age (% of children under 5)",SH.STA.STNT.ZS,..,44.4,..,..,..,..,..,45.8,..,..,43.4,..,..,42.7,..,..,..,41.8,..,..,..,..,..,44.7
"Congo, Dem. Rep.",COD,GDP per capita (current US$),NY.GDP.PCAP.CD,377.925421481395,142.678142604412,162.38052907429,161.491553524396,180.664764963633,203.561668860749,238.417639415512,267.88850879878,307.319638606745,280.798051526498,314.53858629844,364.714191777632,400.059901824342,431.191528160935,458.004541775676,467.9145805459,442.310472110228,436.584534687385,528.256019777898,557.044161335917,507.521230077872,558.034077296358,642.612267148918,633.395661686298
"Congo, Dem. Rep.",COD,"Population, total",SP.POP.TOTL,50507442,52132646,53750524,55343867,56997741,58775724,60615908,62477752,64390664,66412044,68563038,70849311,73254618,75789395,78403242,81035531,83956415,87083398,90047644,92947442,95989998,99148932,102396968,105789731
Comoros,COM,"Maternal mortality ratio (modeled estimate, per 100,000 live births)",SH.STA.MMRT,476,440,428,400,385,373,360,352,334,320,305,291,274,260,247,237,225,219,209,202,198,215,186,179
Comoros,COM,"Life expectancy at birth, total (years)",SP.DYN.LE00.IN,58.941,59.587,59.723,60.24,60.557,60.883,61.229,61.475,61.955,62.302,62.747,63.105,63.463,63.839,64.143,64.473,64.792,65.127,65.401,65.662,65.756,65.201,66.481,66.777
Comoros,COM,"Mortality rate, under-5 (per 1,000 live births)",SH.DYN.MORT,79.6,76.5,73.6,70.7,68,65.5,63.1,60.8,58.8,56.9,55.1,53.6,52.1,50.8,49.7,48.7,47.6,46.6,45.6,44.6,43.5,42.4,41.1,39.8
Comoros,COM,"Mortality rate, infant (per 1,000 live births)",SP.DYN.IMRT.IN,64.8,62.7,60.5,58.5,56.5,54.6,52.9,51.2,49.7,48.3,47,45.9,44.9,44,43.2,42.5,41.7,41,40.3,39.5,38.7,37.8,36.8,35.7
Comoros,COM,"Immunization, DPT (% of children ages 12-23 months)",SH.IMM.IDPT,70,70,89,80,76,68,69,75,81,83,74,83,86,83,80,80,75,79,77,78,74,72,78,75
Comoros,COM,"Prevalence of stunting, height for age (% of children under 5)",SH.STA.STNT.ZS,46.9,..,..,..,..,..,..,..,..,..,..,..,31.1,..,..,..,..,..,..,..,..,..,18.2,..
Comoros,COM,GDP per capita (current US$),NY.GDP.PCAP.CD,655.007796688241,691.699908770798,762.116930318449,959.787894504834,1091.27216412426,1103.20658498402,1154.90422349749,1289.73631056361,1455.02768595586,1410.30516959473,1386.57533553376,1531.43969320468,1490.31425650871,1603.32653496691,1615.71718460209,1329.3704808998,1365.48403353158,1423.92480215551,1540.71132331975,1519.26386326167,1527.16990927956,1587.72988601478,1533.87755332151,1682.20285095721
Comoros,COM,"Population, total",SP.POP.TOTL,536080,547220,558923,569798,580704,592677,604753,616927,629307,641947,654836,668056,681630,696192,711503,726682,741741,756669,771590,786578,802163,818174,834188,850387
"Congo, Rep.",COG,"Maternal mortality ratio (modeled estimate, per 100,000 live births)",SH.STA.MMRT,509,489,464,436,400,385,394,370,395,414,382,378,374,320,302,284,263,262,259,245,247,301,241,241
"Congo, Rep.",COG,"Life expectancy at birth, total (years)",SP.DYN.LE00.IN,55.371,55.885,56.414,57.131,57.957,58.73,59.474,60.05,60.79,61.215,61.731,62.286,62.662,62.969,63.349,63.662,63.911,64.203,64.472,63.152,64.391,64.192,65,65.772
"Congo, Rep.",COG,"Mortality rate, under-5 (per 1,000 live births)",SH.DYN.MORT,113.7,110.7,106,100.1,93.5,86.6,80.2,74.3,69.5,65.5,62.5,60.2,58.2,56.4,54.5,52.7,50.9,49.3,47.7,52.4,44.7,43.3,41.9,40.5
"Congo, Rep.",COG,"Mortality rate, infant (per 1,000 live births)",SP.DYN.IMRT.IN,73.3,71.5,68.6,64.8,60.6,56.3,52.1,48.4,45.3,42.9,41,39.5,38.3,37.2,36.1,35,33.9,32.9,32,33,30.2,29.3,28.5,27.6
"Congo, Rep.",COG,"Immunization, DPT (% of children ages 12-23 months)",SH.IMM.IDPT,33,31,41,50,67,62,73,72,79,78,74,82,85,85,90,80,71,69,75,79,73,77,78,78
"Congo, Rep.",COG,"Prevalence of stunting, height for age (% of children under 5)",SH.STA.STNT.ZS,..,..,..,..,..,31.2,..,..,..,..,..,24.4,..,..,21.2,..,..,..,..,..,..,..,..,..
"Congo, Rep.",COG,GDP per capita (current US$),NY.GDP.PCAP.CD,1024.30159109181,854.598314408095,905.538135544704,1016.82363412143,1306.10136324599,1799.05158366154,2103.5821381211,2206.47101863414,2832.09177777643,2271.15219175966,2946.55798067708,3396.16505817952,3732.32737320389,3697.41705884249,3601.2365808718,2439.35189403696,2093.10728558843,2211.63309874797,2694.43413191427,2488.42466724916,1993.586671931,2516.16255145432,2620.83804304713,2477.97845477092
"Congo, Rep.",COG,"Population, total",SP.POP.TOTL,3151345,3272537,3350771,3445753,3565554,3696393,3837409,3980430,4113517,4281219,4462290,4609724,4740450,4857099,4975880,5097581,5222536,5351011,5483118,5616661,5752791,5892183,6035104,6182885
Cote d'Ivoire,CIV,"Maternal mortality ratio (modeled estimate, per 100,000 live births)",SH.STA.MMRT,378,405,427,451,456,492,544,567,562,588,592,569,566,544,522,505,488,465,449,429,447,459,409,359
Cote d'Ivoire,CIV,"Life expectancy at birth, total (years)",SP.DYN.LE00.IN,51.393,51.428,51.544,51.443,51.939,52.432,52.885,53.452,54.179,54.744,55.282,55.972,56.57,57.057,57.772,58.281,58.814,59.315,59.795,60.274,60.14,60.29,61.562,61.944
Cote d'Ivoire,CIV,"Mortality rate, under-5 (per 1,000 live births)",SH.DYN.MORT,140.5,137.1,133.4,129.6,125.7,121.6,117.8,113.9,109.5,105.8,102.2,99.1,96,92.7,89.2,86.1,83.6,81.1,78.5,75.9,73.7,71.4,69.2,67.1
Cote d'Ivoire,CIV,"Mortality rate, infant (per 1,000 live births)",SP.DYN.IMRT.IN,91.4,89.4,87.3,85.1,82.8,80.2,78.1,75.6,73,70.9,68.8,67,64.9,62.8,60.8,59,57.4,55.8,54.1,52.3,50.9,49.2,47.9,46.6
Cote d'Ivoire,CIV,"Immunization, DPT (% of children ages 12-23 months)",SH.IMM.IDPT,65,66,64,61,67,76,77,76,74,81,78,61,82,75,73,79,87,83,83,79,72,73,73,79
Cote d'Ivoire,CIV,"Prevalence of stunting, height for age (% of children under 5)",SH.STA.STNT.ZS,..,..,..,..,..,..,..,39,..,..,..,27.2,29.9,..,..,..,21.6,..,..,..,..,23.4,..,..
Cote d'Ivoire,CIV,GDP per capita (current US$),NY.GDP.PCAP.CD,936.636541348798,924.727294962066,967.815864415991,1111.17135087887,1199.82524528546,1197.74616979415,1230.43056838584,1367.53817722326,1583.97066701372,1540.45393569596,1553.54887048143,1596.62826565998,1546.9460184731,1786.15862031324,1991.36539423404,1814.71855088017,1862.59597081287,1964.29930338343,2130.86619381144,2141.76836170115,2179.72934832935,2455.98127626488,2333.37128334477,2554.67304885576
Cote d'Ivoire,CIV,"Population, total",SP.POP.TOTL,17699004,18178913,18654771,19125542,19595000,20068458,20546802,21030558,21514439,21997940,22488065,22982000,23467078,23939775,24527395,25246342,25989405,26733372,27464173,28193009,28915449,29639736,30395002,31165654
Djibouti,DJI,"Maternal mortality ratio (modeled estimate, per 100,000 live births)",SH.STA.MMRT,501,441,404,391,364,315,298,285,273,263,243,229,221,219,212,210,204,201,199,194,192,221,174,162
Djibouti,DJI,"Life expectancy at birth, total (years)",SP.DYN.LE00.IN,56.734,57.506,57.824,58.041,58.103,58.548,58.962,59.362,59.815,60.351,60.743,61.337,61.719,62.116,62.427,62.833,63.335,63.71,64.105,64.381,64.2,63.83,65.54,65.987
Djibouti,DJI,"Mortality rate, under-5 (per 1,000 live births)",SH.DYN.MORT,99.5,97.2,94.8,92.4,90,87.7,85.3,82.8,80.3,78.1,75.9,73.6,71.4,69.3,67.2,65.1,63.3,61.3,59.4,57.5,55.6,53.8,52.2,50.4
Djibouti,DJI,"Mortality rate, infant (per 1,000 live births)",SP.DYN.IMRT.IN,80.9,79.5,78,76.4,74.9,73.3,71.6,69.9,68.1,66.6,64.9,63.3,61.6,59.9,58.3,56.6,55.1,53.5,52,50.4,48.8,47.3,45.9,44.4
Djibouti,DJI,"Immunization, DPT (% of children ages 12-23 months)",SH.IMM.IDPT,46,53,62,68,64,71,72,88,89,89,88,87,81,82,78,84,68,76,84,85,70,59,59,72
Djibouti,DJI,"Prevalence of stunting, height for age (% of children under 5)",SH.STA.STNT.ZS,..,..,..,..,..,..,..,..,..,..,..,31,..,28,..,..,..,..,..,20.9,..,..,..,25.5
Djibouti,DJI,GDP per capita (current US$),NY.GDP.PCAP.CD,737.612183644052,742.133791107063,743.013270420348,764.634465224597,806.261652944964,844.4483573908,898.464628136774,969.573220191902,1119.15233346969,1150.9375857489,1213.23352553429,1306.34552844977,1400.19357858954,2075.94498424748,2214.62084142432,2376.12554719873,2510.4300076241,2618.95521147369,2718.08338799203,2837.16902340932,2844.88810647853,3025.91126413549,3133.25779772463,3397.52015779588
Djibouti,DJI,"Population, total",SP.POP.TOTL,747318,771313,795574,813519,826124,839167,855764,874528,892734,911527,930251,948558,966747,984824,1002717,1020313,1037653,1054841,1071882,1088709,1105188,1121248,1137096,1152944
"Egypt, Arab Rep.",EGY,"Maternal mortality ratio (modeled estimate, per 100,000 live births)",SH.STA.MMRT,53,50,48,45,43,41,40,38,36,34,32,31,29,27,26,24,23,21,20,19,31,42,24,17
"Egypt, Arab Rep.",EGY,"Life expectancy at birth, total (years)",SP.DYN.LE00.IN,67.332,67.612,67.846,68.045,68.211,68.355,68.493,68.627,68.761,68.915,69.078,69.232,69.464,69.632,69.911,70.135,70.437,70.709,70.974,71.213,69.79,68.976,71.01,71.633
"Egypt, Arab Rep.",EGY,"Mortality rate, under-5 (per 1,000 live births)",SH.DYN.MORT,46.6,43.9,41.5,39.4,37.5,35.7,34.1,32.7,31.2,29.9,28.6,27.4,26.2,25.2,24.1,23.3,22.4,21.6,20.8,20.1,19.4,18.7,18.1,17.5
"Egypt, Arab Rep.",EGY,"Mortality rate, infant (per 1,000 live births)",SP.DYN.IMRT.IN,39.6,37.5,35.7,34,32.6,31.2,30,28.8,27.7,26.7,25.6,24.6,23.7,22.8,22,21.2,20.5,19.8,19.1,18.4,17.8,17.2,16.7,16.1
"Egypt, Arab Rep.",EGY,"Immunization, DPT (% of children ages 12-23 months)",SH.IMM.IDPT,98,99,97,98,97,98,98,98,97,97,97,96,93,97,94,93,95,94,95,95,94,96,97,96
"Egypt, Arab Rep.",EGY,"Prevalence of stunting, height for age (% of children under 5)",SH.STA.STNT.ZS,24.4,..,..,20.2,..,23.9,..,..,30.7,..,..,..,..,..,22.3,..,..,..,..,..,..,12.8,..,..
"Egypt, Arab Rep.",EGY,GDP per capita (current US$),NY.GDP.PCAP.CD,1366.09274372613,1295.1374184163,1116.82884626213,1031.27556291284,991.255689145253,1105.53920713903,1298.97900203124,1547.74170735909,1896.21594269779,2161.63964573927,2455.08194645282,2590.64384891965,2996.0677072015,3025.52563552448,3133.39102265541,3306.98159414141,3270.6287768197,2395.10333299491,2484.70315630508,2962.98892023003,3511.11381026379,3827.35415374308,4233.30783744856,3456.78968456253
"Egypt, Arab Rep.",EGY,"Population, total",SP.POP.TOTL,73083284,74652029,76239137,77853548,79477443,81101004,82700403,84276225,85864789,87501636,89196072,91093059,93161001,95333553,97528654,99597342,101644589,103696057,105682094,107553158,109315124,110957008,112618250,114535772
Equatorial Guinea,GNQ,"Maternal mortality ratio (modeled estimate, per 100,000 live births)",SH.STA.MMRT,406,388,364,343,323,312,299,289,276,267,259,254,245,236,227,222,216,212,204,198,196,202,183,174
Equatorial Guinea,GNQ,"Life expectancy at birth, total (years)",SP.DYN.LE00.IN,53.395,53.827,54.324,54.791,55.307,55.766,56.354,56.857,57.384,57.881,58.344,58.827,59.301,59.784,60.228,60.635,61.081,61.481,61.915,62.297,62.141,62.447,63.355,63.707
Equatorial Guinea,GNQ,"Mortality rate, under-5 (per 1,000 live births)",SH.DYN.MORT,155.9,151.5,147,142.5,137.8,133.2,128.6,124,119.4,115.2,111.1,107.1,103.4,99.9,96.6,93.3,89.9,87,84.2,81.7,78.8,76.1,73.4,70.6
Equatorial Guinea,GNQ,"Mortality rate, infant (per 1,000 live births)",SP.DYN.IMRT.IN,106.5,103.4,100.4,97.2,93.9,90.6,87.3,84.1,80.8,77.9,75.1,72.4,69.9,67.6,65.5,63.4,61.3,59.4,57.7,56.1,54.3,52.6,50.9,49.1
Equatorial Guinea,GNQ,"Immunization, DPT (% of children ages 12-23 months)",SH.IMM.IDPT,35,37,39,41,43,44,46,48,50,52,54,54,54,53,53,40,53,56,59,62,64,67,70,74
Equatorial Guinea,GNQ,"Prevalence of stunting, height for age (% of children under 5)",SH.STA.STNT.ZS,42.7,..,..,..,33,..,..,..,..,..,..,26.2,..,..,..,..,..,..,..,..,..,..,..,..
Equatorial Guinea,GNQ,GDP per capita (current US$),NY.GDP.PCAP.CD,1487.3165506701,1948.61145907844,2264.21065580365,2930.60183743733,4901.30127408119,8673.9026086535,10184.8841248541,12616.9532942011,18210.5552970599,13232.5019378102,13720.1658723222,17198.2136668275,17308.5723924575,16304.0713196418,15548.6624656619,9068.91003238645,7453.19797948517,7809.10465655488,8102.47084834031,6804.14923073888,5764.05502912947,6945.63069794539,7589.29964909381,6677.793435386
Equatorial Guinea,GNQ,"Population, total",SP.POP.TOTL,703279,749836,797957,847862,899917,947367,990343,1036044,1084530,1135673,1189085,1241835,1293483,1346218,1399828,1453923,1508186,1562396,1616422,1670177,1716468,1758786,1803545,1847549
Eritrea,ERI,"Maternal mortality ratio (modeled estimate, per 100,000 live births)",SH.STA.MMRT,741,651,636,588,588,567,555,541,530,515,498,478,458,443,430,413,395,379,363,351,334,338,301,291
Eritrea,ERI,"Life expectancy at birth, total (years)",SP.DYN.LE00.IN,56.285,58.359,58.941,59.455,60.063,60.628,61.457,61.998,62.422,63.203,63.665,64.231,64.697,65.005,65.517,65.909,66.242,66.612,66.979,67.306,66.98,66.94,67.789,68.624
Eritrea,ERI,"Mortality rate, under-5 (per 1,000 live births)",SH.DYN.MORT,85.3,81.1,77.3,73.8,70.5,67.5,64.6,61.9,59.4,57.1,55,53.1,51.2,49.4,47.8,46.1,44.6,43.2,41.7,40.3,39.1,37.9,36.6,35.4
Eritrea,ERI,"Mortality rate, infant (per 1,000 live births)",SP.DYN.IMRT.IN,50.8,49,47.5,46,44.6,43.3,42.1,40.9,39.8,38.6,37.5,36.5,35.5,34.4,33.4,32.4,31.4,30.6,29.6,28.7,27.9,27.2,26.4,25.5
Eritrea,ERI,"Immunization, DPT (% of children ages 12-23 months)",SH.IMM.IDPT,81,86,90,93,98,96,94,95,95,95,95,94,94,94,94,95,95,95,95,95,95,95,95,95
Eritrea,ERI,"Prevalence of stunting, height for age (% of children under 5)",SH.STA.STNT.ZS,..,..,43,..,..,..,..,..,..,..,52.5,..,..,..,..,..,..,..,..,..,..,..,..,..
Eritrea,ERI,GDP per capita (current US$),NY.GDP.PCAP.CD,314.357396753501,325.409161513593,304.775756465092,348.950327077742,426.840947887032,412.753079199423,447.997404727201,480.44762365456,490.066956003333,642.92572288007,539.699512069686,688.68165957684,..,..,..,..,..,..,..,..,..,..,..,..
Eritrea,ERI,"Population, total",SP.POP.TOTL,2247031,2312079,2392978,2493903,2598284,2661215,2703502,2743222,2816327,2887885,2945186,2998485,3036988,3074360,3095173,3105546,3124698,3150347,3192760,3240194,3291271,3350183,3409447,3470390
Eswatini,SWZ,"Maternal mortality ratio (modeled estimate, per 100,000 live births)",SH.STA.MMRT,361,307,331,392,451,529,511,647,766,855,752,765,613,491,369,283,213,151,133,96,102,219,112,118
Eswatini,SWZ,"Life expectancy at birth, total (years)",SP.DYN.LE00.IN,47.627,46.344,45.38,44.632,43.906,43.958,44.563,45.16,45.853,46.913,48.331,49.057,50.714,52.11,53.491,54.941,56.228,57.574,58.707,59.85,59.862,58.228,63.028,64.123
Eswatini,SWZ,"Mortality rate, under-5 (per 1,000 live births)",SH.DYN.MORT,109.1,112.6,114.3,115.7,116.2,115.5,105.3,100,98.2,92.5,81.8,68.1,63.8,61.6,61.7,58.6,55.3,54.3,51,51.6,49.8,47.6,46.2,45
Eswatini,SWZ,"Mortality rate, infant (per 1,000 live births)",SP.DYN.IMRT.IN,73,74.3,75.2,75.9,75.7,74.7,65.6,66.3,68.5,65.5,62,57.8,58,57.4,57.9,54.9,52,51.5,48.5,48.2,47.1,45.8,44.6,43.5
Eswatini,SWZ,"Immunization, DPT (% of children ages 12-23 months)",SH.IMM.IDPT,84,84,85,85,86,86,87,87,88,88,89,91,95,98,98,90,90,90,90,90,83,77,97,85
Eswatini,SWZ,"Prevalence of stunting, height for age (% of children under 5)",SH.STA.STNT.ZS,36.5,..,..,..,..,..,29.2,..,40.4,..,30.9,..,..,..,25.5,..,..,..,..,..,..,20,..,..
Eswatini,SWZ,GDP per capita (current US$),NY.GDP.PCAP.CD,1668.9749133064,1467.5389023828,1351.86550182919,2060.18418135789,2581.24172793045,2945.36394872311,3035.06156119205,3180.86121498525,2999.82816920508,3239.7578007877,3992.95199562618,4312.34243414155,4347.99569336631,3951.12008139006,3771.90796458406,3420.75357067279,3239.80707501414,3853.99147918102,3973.46344933667,3913.12643969301,3454.784217446,3966.29863253832,3889.65276959161,3741.69010745416
Eswatini,SWZ,"Population, total",SP.POP.TOTL,1041414,1051064,1059441,1066700,1073159,1079022,1084436,1090705,1098091,1105153,1111650,1117833,1123863,1129990,1136299,1142813,1149507,1158195,1168929,1179874,1192729,1206593,1218917,1230506
Ethiopia,ETH,"Maternal mortality ratio (modeled estimate, per 100,000 live births)",SH.STA.MMRT,870,856,826,797,764,754,729,704,678,649,619,588,545,494,444,401,364,327,297,269,244,250,207,195
Ethiopia,ETH,"Life expectancy at birth, total (years)",SP.DYN.LE00.IN,50.88,51.428,52.085,52.877,53.735,54.364,55.402,56.566,57.733,58.715,59.709,60.595,61.443,62.161,62.927,63.592,64.162,64.766,65.257,65.741,65.969,65.33,66.897,67.315
Ethiopia,ETH,"Mortality rate, under-5 (per 1,000 live births)",SH.DYN.MORT,140.4,134.1,127.7,121.4,115,108.8,102.9,97.4,92.3,87.6,83.2,79.1,75.3,71.6,68.2,64.9,61.7,58.9,56.4,54.1,52,50,48.2,46.5
Ethiopia,ETH,"Mortality rate, infant (per 1,000 live births)",SP.DYN.IMRT.IN,92.2,88.7,85.1,81.6,77.9,74.4,70.9,67.7,64.7,61.9,59.3,56.8,54.5,52.2,50.1,48,46,44.2,42.5,41,39.6,38.3,37,35.7
Ethiopia,ETH,"Immunization, DPT (% of children ages 12-23 months)",SH.IMM.IDPT,30,32,35,37,40,44,46,50,54,58,61,65,62,59,61,63,66,68,67,68,71,65,65,72
Ethiopia,ETH,"Prevalence of stunting, height for age (% of children under 5)",SH.STA.STNT.ZS,57.4,..,..,..,..,50,..,..,..,..,..,44.4,..,..,40.4,..,38.3,..,..,36.8,..,..,..,..
Ethiopia,ETH,GDP per capita (current US$),NY.GDP.PCAP.CD,122.269202606069,118.457204255261,109.593813612988,116.800491132777,133.169812538096,158.243458082465,189.345737521418,237.146255996319,316.410475118075,368.574712267445,330.619412798644,343.024942351887,452.101031885754,484.039833104062,549.986577082588,621.845673808133,696.196084806324,745.632433925343,747.968003672674,828.709080522921,905.313159254148,910.947887074508,1011.07332413462,..
Ethiopia,ETH,"Population, total",SP.POP.TOTL,67411494,69487762,71635517,73832663,76077206,78367470,80703490,83103217,85543668,88007636,90538514,93149970,95798767,98438751,101115610,103867135,106718162,109666481,112664152,115737383,118917671,122138588,125384287,128691692
"Gambia, The",GMB,"Maternal mortality ratio (modeled estimate, per 100,000 live births)",SH.STA.MMRT,810,794,772,749,719,707,682,675,653,634,632,634,628,606,561,527,490,469,450,422,400,420,365,354
"Gambia, The",GMB,"Life expectancy at birth, total (years)",SP.DYN.LE00.IN,56.899,57.283,57.736,58.223,58.749,59.11,59.667,60.001,60.473,60.735,61.167,61.561,61.9,62.252,62.576,62.971,63.386,63.708,64.034,64.427,64.418,63.847,64.859,65.86
"Gambia, The",GMB,"Mortality rate, under-5 (per 1,000 live births)",SH.DYN.MORT,113.1,108.5,103.9,99.5,95.2,91.1,87.1,83.3,79.8,76.4,73.1,70.1,67.3,64.5,61.8,59.3,57,54.7,52.7,50.7,48.9,47.2,45.6,44.1
"Gambia, The",GMB,"Mortality rate, infant (per 1,000 live births)",SP.DYN.IMRT.IN,73.2,70.8,68.4,66.1,63.8,61.6,59.4,57.3,55.4,53.5,51.7,50,48.4,46.8,45.2,43.8,42.3,41,39.7,38.4,37.2,36,34.9,33.8
"Gambia, The",GMB,"Immunization, DPT (% of children ages 12-23 months)",SH.IMM.IDPT,80,87,87,87,87,95,95,95,96,98,97,96,98,97,96,97,95,92,93,88,85,82,79,84
"Gambia, The",GMB,"Prevalence of stunting, height for age (% of children under 5)",SH.STA.STNT.ZS,24.1,..,..,..,..,..,27.7,..,..,..,23.4,..,21.1,24.6,..,..,..,..,19,..,17.5,..,..,..
"Gambia, The",GMB,GDP per capita (current US$),NY.GDP.PCAP.CD,538.054072348854,459.803068381399,376.531026962584,308.719123437587,593.285346326581,616.483657865348,614.544307904464,724.726407242432,859.127671411226,774.888030908091,801.033372714536,710.608411468152,692.579361628102,653.862713272743,568.00453558864,619.536364296461,650.056501323611,642.522641296331,696.219806960615,738.186751987483,720.335143352133,781.890925169531,836.244875582631,888.157407441902
"Gambia, The",GMB,"Population, total",SP.POP.TOTL,1455084,1495011,1535691,1577611,1621312,1667037,1715275,1765774,1817852,1871422,1926630,1983784,2043094,2103820,2164528,2224529,2283769,2342189,2399632,2456844,2515733,2576010,2636470,2697845
Gabon,GAB,"Maternal mortality ratio (modeled estimate, per 100,000 live births)",SH.STA.MMRT,178,160,151,134,142,175,186,173,158,158,144,149,173,235,273,239,215,184,176,179,194,249,216,233
Gabon,GAB,"Life expectancy at birth, total (years)",SP.DYN.LE00.IN,61.81,61.982,62.175,62.463,62.694,62.978,63.259,63.619,64.011,64.361,64.715,65.102,65.438,65.751,66.07,66.336,66.583,66.816,67.043,67.337,67.073,67.072,67.713,68.337
Gabon,GAB,"Mortality rate, under-5 (per 1,000 live births)",SH.DYN.MORT,73.7,71.9,70.1,68.1,66,63.9,62.1,59.9,57.7,55.7,53.5,51.4,49.4,47.3,45.7,44.2,42.4,41,39.6,38,36.2,35.2,34.1,33.2
Gabon,GAB,"Mortality rate, infant (per 1,000 live births)",SP.DYN.IMRT.IN,50.8,49.5,48.3,46.9,45.6,44.4,43.3,41.8,40.7,40,38.7,37.5,36.4,35.2,34.6,33.5,32.3,31.7,30.7,29.7,28.5,28.1,27.2,26.5
Gabon,GAB,"Immunization, DPT (% of children ages 12-23 months)",SH.IMM.IDPT,45,45,45,45,45,45,45,81,82,76,67,75,82,79,70,80,75,75,70,70,63,75,60,70
Gabon,GAB,"Prevalence of stunting, height for age (% of children under 5)",SH.STA.STNT.ZS,25.9,..,..,..,..,..,..,..,..,..,..,..,17,..,..,..,..,..,..,..,14.4,..,..,..
Gabon,GAB,GDP per capita (current US$),NY.GDP.PCAP.CD,3982.906200928,3835.75718279727,3966.48001864663,4710.74862768151,5465.79193590708,6547.87613955186,6847.00985685394,8003.54289696049,9688.64519690633,7290.57526093114,8356.74662013345,10219.1139339454,9296.96587941088,9197.70106323947,9201.36276648105,7047.12654634355,6677.07003901644,6921.73373135624,7624.2775233771,7441.1786472281,6605.80346077904,8181.40914134398,8409.20741452279,8071.39777400455
Gabon,GAB,"Population, total",SP.POP.TOTL,1275572,1309589,1345135,1382350,1421609,1463495,1508337,1556237,1607175,1661556,1719879,1781985,1846889,1913059,1978399,2040989,2100306,2156900,2212318,2267706,2322539,2376722,2430747,2484789
Ghana,GHA,"Maternal mortality ratio (modeled estimate, per 100,000 live births)",SH.STA.MMRT,472,460,434,410,403,390,385,377,380,369,363,356,351,338,317,310,296,287,276,260,253,264,239,234
Ghana,GHA,"Life expectancy at birth, total (years)",SP.DYN.LE00.IN,58.139,58.403,58.709,59.014,59.316,59.638,59.975,60.282,60.578,60.928,61.297,61.617,61.995,62.397,62.832,63.175,63.522,63.829,64.138,64.455,64.309,64.286,65.246,65.498
Ghana,GHA,"Mortality rate, under-5 (per 1,000 live births)",SH.DYN.MORT,100.2,96.1,92.1,88.5,85.2,82.2,79.3,76.3,73.1,69.9,66.5,63.3,60.2,57.4,54.8,52.5,50.2,48.1,46,43.9,42,40.2,38.5,37.1
Ghana,GHA,"Mortality rate, infant (per 1,000 live births)",SP.DYN.IMRT.IN,61.8,59.8,58,56.3,54.8,53.4,52.1,50.7,49.2,47.5,45.7,43.9,42.1,40.5,39.1,37.7,36.4,35.1,33.9,32.6,31.4,30.2,29.2,28.2
Ghana,GHA,"Immunization, DPT (% of children ages 12-23 months)",SH.IMM.IDPT,88,79,78,80,80,84,84,94,93,94,94,91,92,90,98,88,93,99,97,97,94,98,99,95
Ghana,GHA,"Prevalence of stunting, height for age (% of children under 5)",SH.STA.STNT.ZS,..,..,..,35.5,..,..,27.9,..,28.4,..,..,22.8,..,..,18.8,..,..,17.5,..,..,..,..,17.4,..
Ghana,GHA,GDP per capita (current US$),NY.GDP.PCAP.CD,253.746936203344,263.542156494853,297.46164468774,358.39927142073,406.132105329565,478.611909191028,906.441027564887,1050.12461524926,1182.65761256016,1047.70430093586,1263.89251760539,1507.43573198753,1543.77524235764,2294.79584693743,1949.90832923846,1722.77282833606,1912.47991339951,2012.28662641265,2195.32166016377,2186.65822682613,2195.45481659987,2445.18662529344,2229.89122647803,2383.90410483418
Ghana,GHA,"Population, total",SP.POP.TOTL,19637087,20167069,20729388,21296705,21868298,22449438,23040702,23642279,24249946,24862664,25474995,26095088,26734268,27386193,28041592,28696068,29356742,30008354,30637585,31258945,31887809,32518665,33149152,33787914
Guinea,GIN,"Maternal mortality ratio (modeled estimate, per 100,000 live births)",SH.STA.MMRT,951,946,916,892,869,843,825,802,772,766,750,728,703,682,664,642,606,582,560,548,528,533,500,494
Guinea,GIN,"Life expectancy at birth, total (years)",SP.DYN.LE00.IN,52.42,52.669,53.2,53.589,53.975,54.422,54.875,55.233,55.703,56.052,56.431,56.778,57.117,57.459,57.581,57.899,58.49,58.715,59.043,59.379,59.35,59.373,60.432,60.74
Guinea,GIN,"Mortality rate, under-5 (per 1,000 live births)",SH.DYN.MORT,165.4,158.6,152.2,146.4,141.2,136.6,132.7,129.4,126.6,124.1,122,120.1,118.4,116.7,115.6,114.1,111.7,109.9,108,105.7,103.2,100.5,97.8,95
Guinea,GIN,"Mortality rate, infant (per 1,000 live births)",SP.DYN.IMRT.IN,97,93.2,89.7,86.6,83.8,81.4,79.3,77.7,76.4,75.3,74.4,73.6,72.9,72.3,72.2,71.6,70.2,69.4,68.5,67.4,66,64.6,63.1,61.5
Guinea,GIN,"Immunization, DPT (% of children ages 12-23 months)",SH.IMM.IDPT,46,50,53,57,60,59,57,63,60,57,64,63,57,50,44,47,47,47,47,47,47,47,47,47
Guinea,GIN,"Prevalence of stunting, height for age (% of children under 5)",SH.STA.STNT.ZS,..,..,..,..,..,39.3,..,34,..,..,..,..,31.1,..,..,..,32.4,..,30.3,..,..,..,26.1,..
Guinea,GIN,GDP per capita (current US$),NY.GDP.PCAP.CD,518.157066924026,483.085120214741,495.916073559269,566.48540588068,584.897740538081,463.17768685098,446.980554135013,650.148575304743,703.532825784369,662.185914665575,659.235326211315,636.694958747648,699.353377212197,748.455020824734,765.146999389279,747.356966759448,711.996509782316,833.598621691121,933.273615633705,1031.34146480732,1053.66097696415,1244.96550477914,1416.59612011764,1555.49375806861
Guinea,GIN,"Population, total",SP.POP.TOTL,8428832,8539960,8674066,8870781,9062726,9245844,9441171,9662281,9898870,10143534,10396086,10656810,10921581,11191873,11472924,11767070,12073030,12385659,12704774,13034346,13371183,13710513,14055137,14405468
Guinea-Bissau,GNB,"Maternal mortality ratio (modeled estimate, per 100,000 live births)",SH.STA.MMRT,1295,1222,1141,1069,980,956,831,792,802,753,698,678,704,707,662,631,617,597,585,598,603,617,539,505
Guinea-Bissau,GNB,"Life expectancy at birth, total (years)",SP.DYN.LE00.IN,50.565,51.054,51.608,52.186,52.8,52.949,54.089,54.87,55.3,56.297,56.999,57.663,58.27,58.879,59.476,60.071,60.619,61.148,61.652,62.161,61.343,61.653,63.605,64.085
Guinea-Bissau,GNB,"Mortality rate, under-5 (per 1,000 live births)",SH.DYN.MORT,173.8,168.4,162.8,157,151.1,144.9,138.6,132.2,126.1,120,114.2,108.7,103.7,99.3,95.3,91.8,88.4,85.3,82.1,79.1,76.6,74.1,71.6,69.3
Guinea-Bissau,GNB,"Mortality rate, infant (per 1,000 live births)",SP.DYN.IMRT.IN,100.3,97.5,94.5,91.5,88.3,85,81.5,78,74.5,71.1,67.8,64.6,61.8,59.4,57.2,55.3,53.4,51.7,50,48.3,47,45.7,44.3,43.1
Guinea-Bissau,GNB,"Immunization, DPT (% of children ages 12-23 months)",SH.IMM.IDPT,49,53,57,60,64,68,71,74,77,80,83,86,87,87,86,86,85,79,82,78,74,67,74,74
Guinea-Bissau,GNB,"Prevalence of stunting, height for age (% of children under 5)",SH.STA.STNT.ZS,33.8,..,..,..,..,..,..,..,27.6,..,32,..,26.4,..,27.6,..,..,..,..,28.1,..,..,..,..
Guinea-Bissau,GNB,GDP per capita (current US$),NY.GDP.PCAP.CD,316.945495037639,327.138431972397,362.034574570354,419.78486611807,431.376557669634,463.073962650452,448.513075469701,519.069789794741,640.210331101753,583.190020139094,600.194298540768,719.539573498937,635.461653303881,654.304534409417,652.022501029449,645.066837207039,679.665386626818,783.123186602022,808.531613218504,807.425524872835,836.26731423732,912.484104692847,873.437861875428,964.927554218909
Guinea-Bissau,GNB,"Population, total",SP.POP.TOTL,1234741,1261273,1289307,1318806,1349563,1381585,1415303,1450986,1488054,1526377,1566347,1608076,1651417,1695973,1741122,1786457,1831893,1877072,1922168,1967696,2013255,2058841,2105529,2153339
Kenya,KEN,"Maternal mortality ratio (modeled estimate, per 100,000 live births)",SH.STA.MMRT,206,188,182,177,177,178,188,198,197,208,210,209,214,206,203,203,196,186,183,176,184,183,155,149
Kenya,KEN,"Life expectancy at birth, total (years)",SP.DYN.LE00.IN,56.084,56.501,56.759,57.369,57.947,58.51,59.059,59.407,59.955,60.483,60.915,61.283,61.537,61.729,61.99,62.279,62.526,62.725,62.825,62.939,61.596,61.225,63.549,63.646
Kenya,KEN,"Mortality rate, under-5 (per 1,000 live births)",SH.DYN.MORT,96.3,91.6,86.6,81.6,76.6,71.5,67.1,63.2,58.2,55.4,53.5,52.2,51.2,50,48.8,47.4,46,45.3,44.3,43.3,42.8,41.9,41.1,39.9
Kenya,KEN,"Mortality rate, infant (per 1,000 live births)",SP.DYN.IMRT.IN,63.8,61.2,58.3,55.5,52.5,49.4,46.9,44.9,42.4,41.9,41.4,41.1,41.3,40.9,40.1,39.1,38.7,38.5,37.8,37.2,36.9,36.4,35.8,34.7
Kenya,KEN,"Immunization, DPT (% of children ages 12-23 months)",SH.IMM.IDPT,82,80,84,73,73,76,80,81,88,88,90,96,94,87,92,89,88,81,91,93,93,95,94,93
Kenya,KEN,"Prevalence of stunting, height for age (% of children under 5)",SH.STA.STNT.ZS,40.8,..,..,35.8,..,40.3,..,..,35.5,..,..,26.3,..,..,26.2,..,28.6,..,..,..,..,..,17.6,..
Kenya,KEN,GDP per capita (current US$),NY.GDP.PCAP.CD,414.626365130846,410.700452474814,402.936385605382,442.898457253405,463.662781300121,523.456312433863,699.80237063381,840.201439476765,915.54435473604,1047.9678324485,1091.51873101194,1096.14499807675,1285.00536171512,1370.87885214659,1482.81566253497,1489.11959777284,1554.12610314423,1667.48447230835,1836.45275528993,1960.40808854893,1927.66459027849,2061.35622089594,2109.56288513137,1952.30457929636
Kenya,KEN,"Population, total",SP.POP.TOTL,30642890,31619170,32629808,33652223,34713455,35796484,36904008,38036349,39206351,40408891,41598567,42758461,43888303,44986791,46051440,47088526,48139687,49197766,50207107,51202827,52217334,53219166,54252461,55339003
Lesotho,LSO,"Maternal mortality ratio (modeled estimate, per 100,000 live births)",SH.STA.MMRT,413,465,484,508,499,549,696,891,1205,1387,1311,1210,1000,855,707,594,518,468,491,467,529,577,477,478
Lesotho,LSO,"Life expectancy at birth, total (years)",SP.DYN.LE00.IN,48.783,47.153,45.95,44.921,44.039,43.611,43.182,43.66,44.304,45.055,46.045,46.93,48.235,49.547,50.786,51.83,52.908,53.874,54.638,55.249,55.133,54.209,56.812,57.375
Lesotho,LSO,"Mortality rate, under-5 (per 1,000 live births)",SH.DYN.MORT,109.4,111.1,112.4,113.7,114.7,115.6,115.3,111.5,108.8,96.4,90.1,85.9,82.6,80.2,78.2,75.1,71.8,71.2,69.1,68.7,66.8,64.4,61.5,58.9
Lesotho,LSO,"Mortality rate, infant (per 1,000 live births)",SP.DYN.IMRT.IN,78,78.3,78.5,79.2,80.2,81.4,81.7,80.2,83.1,78.3,76.1,73.3,73.1,72.8,71.2,69.3,68.3,68.2,64.9,63.3,61.2,59.8,57.6,55.4
Lesotho,LSO,"Immunization, DPT (% of children ages 12-23 months)",SH.IMM.IDPT,83,78,84,90,90,89,89,88,88,91,93,96,95,93,88,83,87,87,87,87,87,87,87,87
Lesotho,LSO,"Prevalence of stunting, height for age (% of children under 5)",SH.STA.STNT.ZS,..,..,..,..,44.7,..,..,..,..,39.3,..,..,..,..,33.4,..,..,..,34.6,..,..,..,..,..
Lesotho,LSO,GDP per capita (current US$),NY.GDP.PCAP.CD,442.779545779081,412.677473676821,388.92334985135,583.270036200288,766.685820928242,861.381496414995,925.467485502842,861.188420899563,898.482517882593,878.847950537772,1119.47557793042,1280.73390931581,1217.93071228944,1151.03735837227,1173.5377928819,1121.19851342518,992.491840678465,1069.36673247542,1170.65569702819,1082.05706777516,918.582577421982,1066.58643600093,1030.12579628833,916.282970463888
Lesotho,LSO,"Population, total",SP.POP.TOTL,2003913,2000853,1994679,1985059,1971129,1953076,1945063,1953268,1966541,1980883,1996251,2014009,2034354,2056504,2080089,2104611,2130422,2157110,2183603,2209405,2235727,2261542,2286110,2311472
Liberia,LBR,"Maternal mortality ratio (modeled estimate, per 100,000 live births)",SH.STA.MMRT,786,720,700,759,645,619,647,659,663,674,712,726,728,725,801,784,690,703,707,689,664,667,634,628
Liberia,LBR,"Life expectancy at birth, total (years)",SP.DYN.LE00.IN,51.852,53.109,54.061,53.045,55.949,56.765,57.495,58.147,58.675,59.106,59.358,59.486,59.785,59.992,59.21,59.248,60.483,60.777,60.999,61.232,61.267,61.166,61.934,62.163
Liberia,LBR,"Mortality rate, under-5 (per 1,000 live births)",SH.DYN.MORT,192.4,179.4,166.6,154.3,143.1,133.2,124.8,118,112.6,108.1,104.4,101.1,98.2,95.4,95,90.8,88.3,86,84,81.9,79.7,77.4,75.1,72.9
Liberia,LBR,"Mortality rate, infant (per 1,000 live births)",SP.DYN.IMRT.IN,123.9,116,108.2,100.8,93.9,87.9,82.8,78.7,75.5,72.9,70.8,69,67.3,65.7,66.5,63.3,61.8,60.6,59.4,58.2,56.8,55.4,53.9,52.6
Liberia,LBR,"Immunization, DPT (% of children ages 12-23 months)",SH.IMM.IDPT,46,42,39,35,31,60,60,65,75,81,70,77,80,80,63,65,73,80,80,70,65,66,78,82
Liberia,LBR,"Prevalence of stunting, height for age (% of children under 5)",SH.STA.STNT.ZS,45.3,..,..,..,..,..,..,39.6,36.1,..,39,..,..,32.1,..,..,30.1,..,..,29.8,..,..,..,..
Liberia,LBR,GDP per capita (current US$),NY.GDP.PCAP.CD,298.485340578945,300.463828598983,299.536445539621,239.779556677091,284.140223992458,287.487333441381,320.55808618515,374.211308104278,451.713856283285,448.386367025545,492.252808033724,568.087865520004,638.368751462083,710.744570927863,706.714490064507,692.590082351257,714.613063145659,699.269095727404,692.203127129794,658.164180770507,616.787867006715,667.96610514319,744.617175237387,799.194470229642
Liberia,LBR,"Population, total",SP.POP.TOTL,2928117,3015338,3094782,3119532,3156892,3301015,3490787,3669050,3821003,3943028,4058890,4221178,4373043,4470239,4564293,4659431,4755608,4848925,4944726,5043721,5149463,5259323,5373294,5493031
Libya,LBY,"Maternal mortality ratio (modeled estimate, per 100,000 live births)",SH.STA.MMRT,71,71,69,68,67,66,66,67,68,70,71,81,74,75,77,76,74,69,66,65,71,98,60,59
Libya,LBY,"Life expectancy at birth, total (years)",SP.DYN.LE00.IN,70.542,70.653,70.788,70.996,71.21,71.439,71.632,71.788,71.936,72.071,72.196,69.95,72.188,72.339,71.3,71.644,71.799,72.721,73.151,72.941,72.388,72.062,74.462,69.339
Libya,LBY,"Mortality rate, under-5 (per 1,000 live births)",SH.DYN.MORT,28.1,27.3,26.5,25.5,24.4,23.1,21.7,20.2,18.8,17.6,16.6,19.6,15.1,14.5,13.9,13.3,12.8,12.4,11.9,11.6,11.2,10.8,10.5,30.8
Libya,LBY,"Mortality rate, infant (per 1,000 live births)",SP.DYN.IMRT.IN,21.5,20.9,20.3,19.6,18.8,17.9,16.8,15.7,14.7,13.8,13,13.9,11.9,11.4,11,10.6,10.2,9.8,9.5,9.2,9,8.7,8.4,15.9
Libya,LBY,"Immunization, DPT (% of children ages 12-23 months)",SH.IMM.IDPT,94,94,93,95,97,98,98,98,98,98,98,98,98,96,94,97,97,96,73,73,73,73,73,73
Libya,LBY,"Prevalence of stunting, height for age (% of children under 5)",SH.STA.STNT.ZS,..,..,..,..,..,..,..,21,..,..,..,..,..,..,38.1,..,..,..,..,..,..,..,7.9,..
Libya,LBY,GDP per capita (current US$),NY.GDP.PCAP.CD,7214.10040377084,6312.80030498965,3718.29434696755,4674.09943200321,5773.76333234281,8079.24957329001,10048.8480434289,11144.9448413435,13906.1407818125,9551.05403869755,11600.9068649472,7593.8391525702,14975.8902795144,11951.7134126011,8926.42074591474,7458.48917756374,7525.80299308216,9965.83236729757,11196.5854810844,9963.19489084483,6650.33810585348,4935.82787349801,5986.63694851258,6172.81246940233
Libya,LBY,"Population, total",SP.POP.TOTL,5305021,5403639,5508410,5619398,5736693,5858798,5980211,6104380,6235430,6366686,6497839,6343203,6179328,6304628,6427252,6531819,6632126,6738770,6849055,6951033,7045399,7135175,7223805,7305659
Madagascar,MDG,"Maternal mortality ratio (modeled estimate, per 100,000 live births)",SH.STA.MMRT,638,611,593,571,555,540,528,522,510,507,500,492,487,481,477,474,470,469,466,462,447,467,439,445
Madagascar,MDG,"Life expectancy at birth, total (years)",SP.DYN.LE00.IN,57.974,58.674,59.17,59.693,60.168,60.664,61.14,61.533,61.992,62.304,62.597,62.86,63.007,63.161,63.261,63.362,63.431,63.433,63.491,63.504,62.706,62.516,63.068,63.632
Madagascar,MDG,"Mortality rate, under-5 (per 1,000 live births)",SH.DYN.MORT,105,100.4,96,92,88.2,84.6,81.2,78.1,75.3,72.8,70.7,69,67.7,66.9,66.2,65.8,65.7,65.7,65.8,66.1,66.3,66.2,65.7,64.8
Madagascar,MDG,"Mortality rate, infant (per 1,000 live births)",SP.DYN.IMRT.IN,65.5,63,60.6,58.3,56.2,54.2,52.3,50.4,48.8,47.4,46.2,45.2,44.6,44.1,43.9,43.8,43.8,43.9,44.2,44.5,44.7,44.9,44.7,44.2
Madagascar,MDG,"Immunization, DPT (% of children ages 12-23 months)",SH.IMM.IDPT,57,60,62,66,78,85,85,84,77,77,70,73,68,70,68,62,68,65,74,70,68,57,57,65
Madagascar,MDG,"Prevalence of stunting, height for age (% of children under 5)",SH.STA.STNT.ZS,..,..,..,..,52.7,..,..,..,..,49.4,..,49.9,48.9,..,..,..,..,..,41.6,..,..,39.8,..,..
Madagascar,MDG,GDP per capita (current US$),NY.GDP.PCAP.CD,280.282905559649,319.283278235657,304.941777398445,352.620095849925,272.20074858856,305.812074924388,324.146874882604,419.548001431865,512.579800058444,446.315238370592,450.009391645726,506.163691559309,493.511162904211,515.301589361832,505.684922503435,445.320069480568,453.970714522463,491.866848718929,500.45718552916,499.818837622534,450.771615201509,483.469463351371,503.514533472879,508.718427705736
Madagascar,MDG,"Population, total",SP.POP.TOTL,16516338,17032939,17549913,18071854,18606608,19159707,19730909,20318583,20923840,21547280,22183340,22822300,23462438,24109290,24764348,25426702,26099952,26788375,27494926,28219554,28953556,29691083,30437261,31195932
Malawi,MWI,"Maternal mortality ratio (modeled estimate, per 100,000 live births)",SH.STA.MMRT,506,447,404,346,304,283,286,333,430,512,517,486,447,410,367,354,312,284,267,260,256,286,239,225
Malawi,MWI,"Life expectancy at birth, total (years)",SP.DYN.LE00.IN,46.17,47.205,48.176,49.601,51.073,52.469,53.652,54.687,55.715,56.714,57.787,58.859,59.87,60.816,61.651,62.324,63.163,63.914,64.464,64.995,65.216,64.782,66.037,67.353
Malawi,MWI,"Mortality rate, under-5 (per 1,000 live births)",SH.DYN.MORT,173.3,159.9,145.5,131.5,119.3,109.9,103.4,98.3,93.1,88.1,83,76.7,69.8,64,60.2,56.7,53.5,50.6,47.5,45.5,43.1,41.5,39.9,38.3
Malawi,MWI,"Mortality rate, infant (per 1,000 live births)",SP.DYN.IMRT.IN,100.2,93.1,85.1,77.2,70.2,65.1,61.9,59.9,57.3,55.5,53.6,49.9,46.6,43.6,41.4,39.3,37.6,36.1,34.5,33.6,32.3,31.4,30.5,29.4
Malawi,MWI,"Immunization, DPT (% of children ages 12-23 months)",SH.IMM.IDPT,75,90,64,84,89,93,99,87,91,93,93,97,96,89,91,88,84,88,92,95,94,93,86,91
Malawi,MWI,"Prevalence of stunting, height for age (% of children under 5)",SH.STA.STNT.ZS,54.7,..,58.3,..,52.5,..,53.1,..,..,48.8,47.3,..,..,..,42.4,37.4,38.3,39.3,39,34,35.5,..,..,..
Malawi,MWI,GDP per capita (current US$),NY.GDP.PCAP.CD,224.22415918428,215.474524898357,428.210439838398,383.348596852642,404.674248445428,414.361121984475,440.822149023873,475.180261659331,554.048820396119,625.869729869625,683.124694716799,763.061000394572,558.46208832772,496.947368267313,529.5133440206,539.605363240686,450.506105510719,495.769683367165,533.203173686705,580.889816066776,602.507478176106,617.447520802454,604.269751184515,602.343619809252
Malawi,MWI,"Population, total",SP.POP.TOTL,11315942,11593058,11880440,12181574,12500737,12840031,13198701,13576343,13976417,14395788,14826463,15265022,15709577,16161816,16621538,17085587,17557739,18039715,18528081,19025752,19533888,20047258,20568728,21104482
Mali,MLI,"Maternal mortality ratio (modeled estimate, per 100,000 live births)",SH.STA.MMRT,741,694,649,616,592,577,568,574,573,565,558,553,549,525,507,490,472,453,434,416,405,415,381,367
Mali,MLI,"Life expectancy at birth, total (years)",SP.DYN.LE00.IN,50.605,51.3,51.995,52.632,53.253,53.792,54.305,54.756,55.187,55.588,55.993,56.367,56.696,57.052,57.482,57.852,58.286,58.562,58.873,59.217,58.858,59.116,60.035,60.439
Mali,MLI,"Mortality rate, under-5 (per 1,000 live births)",SH.DYN.MORT,187.6,181.5,175.2,169,163.1,157.4,152.2,147.3,142.6,138.2,133.9,129.9,126.1,122.4,119,115.7,112.4,109.3,106.1,103.1,100,96.9,94,91.3
Mali,MLI,"Mortality rate, infant (per 1,000 live births)",SP.DYN.IMRT.IN,102.8,99.7,96.5,93.4,90.5,87.8,85.4,83.2,81.1,79.1,77.3,75.5,73.9,72.3,70.8,69.4,68,66.6,65.1,63.7,62.1,60.5,59,57.6
Mali,MLI,"Immunization, DPT (% of children ages 12-23 months)",SH.IMM.IDPT,43,49,61,63,69,77,78,74,74,73,73,66,65,64,66,71,76,77,77,77,70,77,77,77
Mali,MLI,"Prevalence of stunting, height for age (% of children under 5)",SH.STA.STNT.ZS,..,42.5,..,..,..,..,37.6,..,..,..,27.8,27.9,..,..,28.1,30.4,26.4,24.6,26.9,26.4,23,22.1,21.8,..
Mali,MLI,GDP per capita (current US$),NY.GDP.PCAP.CD,256.199554978241,291.159497911347,318.042432039222,371.627016389759,542.887347640863,591.630393473705,633.221946737432,711.675463215078,820.715705601841,815.78868795173,827.617660082715,941.574944706639,878.217175344858,903.190452512378,940.243260037952,838.11986940103,872.468587171653,924.057531692284,996.379292136901,971.949318638092,953.242943290974,1027.27345365357,969.72220560562,1035.86242628411
Mali,MLI,"Population, total",SP.POP.TOTL,11559290,11912158,12288050,12684955,13102409,13538647,13990139,14457775,14940782,15435539,15945198,16469049,16957033,17459615,18020267,18593022,19191289,19813011,20442030,21068405,21713836,22388630,23072640,23769127
Mauritania,MRT,"Maternal mortality ratio (modeled estimate, per 100,000 live births)",SH.STA.MMRT,644,616,590,571,557,536,521,516,506,500,499,494,496,496,484,469,456,450,437,424,413,425,385,381
Mauritania,MRT,"Life expectancy at birth, total (years)",SP.DYN.LE00.IN,61.044,61.662,62.249,62.805,63.369,63.92,64.493,64.885,65.233,65.485,65.661,65.754,65.808,65.89,66.207,66.498,66.823,67.088,67.419,67.64,66.794,66.762,68.281,68.484
Mauritania,MRT,"Mortality rate, under-5 (per 1,000 live births)",SH.DYN.MORT,98.2,93.5,88.1,82.5,77,71.8,67.3,63.5,60.4,57.9,56.1,54.5,53.1,51.7,50.4,48.9,47.4,45.9,44.5,43,41.7,40.3,39.1,37.8
Mauritania,MRT,"Mortality rate, infant (per 1,000 live births)",SP.DYN.IMRT.IN,67.6,64.9,61.8,58.4,55,51.8,49,46.7,44.8,43.4,42.4,41.5,40.8,40.1,39.3,38.5,37.6,36.7,35.8,34.8,33.8,32.9,32,31
Mauritania,MRT,"Immunization, DPT (% of children ages 12-23 months)",SH.IMM.IDPT,51,75,89,76,70,71,68,75,74,64,64,75,80,80,81,73,74,76,77,80,81,77,85,90
Mauritania,MRT,"Prevalence of stunting, height for age (% of children under 5)",SH.STA.STNT.ZS,38.6,..,..,..,..,..,..,31.5,23.6,..,..,29.7,23.2,..,..,27.9,..,..,22.8,19.4,25.8,17.4,25.1,..
Mauritania,MRT,GDP per capita (current US$),NY.GDP.PCAP.CD,680.911061879778,651.817840199777,648.879643934862,732.017820812675,823.554457141893,998.96583416747,1300.60367988659,1405.15016203368,1635.5630623124,1435.43010811893,1659.96369705455,1931.19975525465,1859.11733247641,1934.24103064714,1713.00865264234,1554.94897871782,1565.76575722696,1615.00401327323,1722.93528854073,1767.072710621,1795.76459566714,1947.78918383313,1960.35240077424,2120.82318421747
Mauritania,MRT,"Population, total",SP.POP.TOTL,2613441,2678760,2738655,2802046,2868664,2939059,3013660,3093059,3183269,3284448,3390965,3502811,3619034,3734318,3848514,3965959,4086657,4210600,4337685,4467708,4600131,4734874,4875637,5022441
Mauritius,MUS,"Maternal mortality ratio (modeled estimate, per 100,000 live births)",SH.STA.MMRT,43,42,42,42,43,43,45,46,48,51,53,55,55,58,60,61,62,66,67,67,58,80,61,66
Mauritius,MUS,"Life expectancy at birth, total (years)",SP.DYN.LE00.IN,71.6634146341463,71.7658536585366,71.9658536585366,72.1170731707317,72.2658536585366,72.4321951219512,72.4321951219512,72.5707317073171,72.5707317073171,72.8824390243903,72.9673170731707,73.2668292682927,73.8634146341464,74.0170731707317,74.1943902439024,74.3531707317073,74.3948780487805,74.5146341463415,74.4163414634146,74.2358536585366,74.1770731707317,73.680243902439,73.5146341463415,73.4121951219512
Mauritius,MUS,"Mortality rate, under-5 (per 1,000 live births)",SH.DYN.MORT,18.9,17.6,16.6,16,15.7,15.5,15.4,15.2,15,14.8,14.8,14.9,15,14.9,14.7,14.7,14.7,15,15.3,15.7,15.8,15.7,15.5,15.2
Mauritius,MUS,"Mortality rate, infant (per 1,000 live births)",SP.DYN.IMRT.IN,16.6,15.4,14.6,14.1,13.8,13.6,13.5,13.4,13.2,13,13,13.1,13.2,13.1,13,13,13,13.2,13.6,13.9,14.1,14,13.8,13.5
Mauritius,MUS,"Immunization, DPT (% of children ages 12-23 months)",SH.IMM.IDPT,88,92,88,99,98,97,97,97,99,99,99,98,98,98,97,97,96,94,97,96,93,92,95,96
Mauritius,MUS,"Prevalence of stunting, height for age (% of children under 5)",SH.STA.STNT.ZS,..,..,..,..,..,..,..,..,..,..,..,..,..,..,..,..,..,..,..,..,..,..,..,..
Mauritius,MUS,GDP per capita (current US$),NY.GDP.PCAP.CD,3981.98343249582,3908.55694927435,4073.06053055903,4858.26575549747,5460.60800184198,5354.02974260642,5695.97525509869,6574.6635764099,8030.05228087539,7318.12640972422,8000.37643182154,9197.04299089459,9291.23627601053,9764.64413060045,10366.3550754936,9507.87133656424,9965.72531085228,10841.6847754844,11643.4605962124,11403.2527870674,9011.04288445023,9068.97300226707,10223.7882316574,11182.186568616
Mauritius,MUS,"Population, total",SP.POP.TOTL,1186873,1196287,1204621,1213370,1221003,1228254,1233996,1239630,1244121,1247429,1250400,1252404,1255882,1258927,1261208,1262879,1263747,1264887,1265577,1265985,1266014,1266334,1262523,1261041
Mozambique,MOZ,"Maternal mortality ratio (modeled estimate, per 100,000 live births)",SH.STA.MMRT,547,473,398,360,321,301,298,327,365,352,305,268,218,196,210,216,202,187,159,134,123,180,104,99
Mozambique,MOZ,"Life expectancy at birth, total (years)",SP.DYN.LE00.IN,49.476,50.259,50.879,51.383,51.855,52.322,52.748,53.255,53.799,54.4,55.04,55.733,56.46,57.189,57.965,58.711,59.455,60.148,60.79,61.306,61.39,60.268,63.011,63.611
Mozambique,MOZ,"Mortality rate, under-5 (per 1,000 live births)",SH.DYN.MORT,163,154.2,146,138.5,131.6,125,118.2,110,103.7,97.5,95,90.5,86.3,82.6,79.2,75.1,72.3,70.9,69.5,68.3,67.3,65.8,64.3,61.7
Mozambique,MOZ,"Mortality rate, infant (per 1,000 live births)",SP.DYN.IMRT.IN,106.1,100.1,94.5,89.5,84.6,80.2,75.7,69.7,67,63.7,63.5,59.7,57.5,56.1,54.8,53.8,52.9,51.5,50.6,49.7,49.1,47.7,46.5,45.4
Mozambique,MOZ,"Immunization, DPT (% of children ages 12-23 months)",SH.IMM.IDPT,70,73,76,85,83,80,78,75,75,74,74,77,80,82,85,85,85,85,85,85,71,56,55,70
Mozambique,MOZ,"Prevalence of stunting, height for age (% of children under 5)",SH.STA.STNT.ZS,..,50.7,..,46.9,..,..,..,..,43.5,..,..,42.9,..,..,..,42.3,..,..,..,..,37.5,..,36.7,..
Mozambique,MOZ,GDP per capita (current US$),NY.GDP.PCAP.CD,327.12623979157,304.792138621913,313.886661721198,339.488737800648,400.056973161545,436.773856167384,457.487647833183,507.874923914304,592.159111184122,547.697144193651,496.185839392659,618.17649286789,685.685748199513,686.505672517351,697.142680444123,610.563774706589,441.489734819071,470.93856305196,517.507260258101,519.09255091362,462.433876479921,509.907829475551,578.251663751351,622.985619320596
Mozambique,MOZ,"Population, total",SP.POP.TOTL,18129653,18537729,18958338,19392475,19840313,20304569,20787087,21287635,21819036,22391745,22999235,23649039,24337846,25051611,25788475,26547572,27337105,28166393,29018644,29884380,30783688,31707800,32656246,33635160
Namibia,NAM,"Maternal mortality ratio (modeled estimate, per 100,000 live births)",SH.STA.MMRT,384,376,313,290,282,344,408,489,537,547,531,498,439,402,369,307,250,213,198,175,143,254,127,139
Namibia,NAM,"Life expectancy at birth, total (years)",SP.DYN.LE00.IN,52.946,51.98,51.988,51.918,52.175,52.557,53.183,54.026,54.74,55.347,56.093,56.647,57.733,58.468,59.311,60.008,60.81,61.661,62.579,63.546,64.071,60.85,64.19,67.385
Namibia,NAM,"Mortality rate, under-5 (per 1,000 live births)",SH.DYN.MORT,77.9,77.1,76.1,75.1,74.1,70.5,64.9,60.6,56.4,52.9,50.8,51.6,55.1,54,53.1,55,54.2,51.9,50.1,47.8,45.7,43.8,42,40.7
Namibia,NAM,"Mortality rate, infant (per 1,000 live births)",SP.DYN.IMRT.IN,45.9,44.5,43.5,42.6,41.5,38.4,36.8,38.4,40.7,43.1,42.7,44.4,48,47.6,46.9,47.5,47.6,46.3,45.7,44.6,43.1,41.6,39.7,38.4
Namibia,NAM,"Immunization, DPT (% of children ages 12-23 months)",SH.IMM.IDPT,79,78,77,79,81,86,86,86,83,83,83,82,84,89,88,92,85,88,89,87,93,94,84,83
Namibia,NAM,"Prevalence of stunting, height for age (% of children under 5)",SH.STA.STNT.ZS,29.3,..,..,..,..,..,..,29.2,..,..,..,..,..,22.7,..,..,..,..,..,..,..,..,..,..
Namibia,NAM,GDP per capita (current US$),NY.GDP.PCAP.CD,2156.67590512714,1915.58926594875,1772.07565537493,2569.24739317883,3403.15496192955,3685.77299991587,4017.1834716928,4379.04313682732,4204.78555422749,4302.91374148376,5418.21633365814,5834.7917675794,5942.64680978673,5346.62131149967,5378.32326241205,4774.10650865775,4395.68776162376,5143.96072323076,5308.60813408705,4731.9210318831,3878.58982993966,4412.8355693052,4349.79908493314,4187.60500350786
Namibia,NAM,"Population, total",SP.POP.TOTL,1818647,1857048,1889970,1917464,1942082,1966582,1991888,2018600,2047056,2077394,2109811,2146325,2194654,2252508,2312139,2374300,2439213,2506853,2577327,2650494,2728762,2810548,2889662,2963095
Niger,NER,"Maternal mortality ratio (modeled estimate, per 100,000 live births)",SH.STA.MMRT,845,843,835,813,790,764,737,704,669,647,621,585,554,526,497,473,450,433,420,406,388,396,361,350
Niger,NER,"Life expectancy at birth, total (years)",SP.DYN.LE00.IN,49.172,49.872,50.645,51.545,52.402,53.32,54.223,55.063,55.852,56.487,57.08,57.6,57.987,58.364,58.693,58.85,59.228,59.524,59.765,60.031,59.89,59.542,60.398,61.183
Niger,NER,"Mortality rate, under-5 (per 1,000 live births)",SH.DYN.MORT,227.8,217.5,206.2,194.4,182.8,171.9,162,153.6,146.6,140.9,136.5,133.1,130.7,128.9,127.4,126.3,125.1,123.9,122.8,121.8,120.6,119.1,117.1,114.8
Niger,NER,"Mortality rate, infant (per 1,000 live births)",SP.DYN.IMRT.IN,107.7,103.6,99,94.1,89.3,84.8,80.7,77.2,74.5,72.3,70.9,69.9,69.4,69.2,69.1,69.3,69.3,69.4,69.4,69.5,69.4,69,68.3,67.4
Niger,NER,"Immunization, DPT (% of children ages 12-23 months)",SH.IMM.IDPT,34,36,39,41,43,45,51,57,67,71,70,75,71,73,81,84,80,85,79,81,81,82,84,85
Niger,NER,"Prevalence of stunting, height for age (% of children under 5)",SH.STA.STNT.ZS,53.5,..,..,..,..,..,51,49.2,43.8,45.5,47.4,50.9,39.9,42.5,42.2,46.4,41.3,..,48.5,47.1,45.3,44.4,47.7,..
Niger,NER,GDP per capita (current US$),NY.GDP.PCAP.CD,194.771959898935,205.417936120931,225.294391147438,265.225363452469,283.468281798296,318.643121918273,333.345078419447,387.168065883301,475.044955398162,461.131533961487,474.425692340831,510.75956176268,528.510104469655,552.103334363117,565.30989731175,485.662574175279,502.706475406446,521.804130023434,578.568035680892,561.691304349698,579.512495758236,608.722439593808,609.745147661683,638.336080723299
Niger,NER,"Population, total",SP.POP.TOTL,11509630,11920647,12349144,12796984,13265836,13756192,14268581,14803610,15361915,15943675,16548835,17176283,17836769,18519898,19215909,19939498,20685753,21435446,22188069,22947757,23717613,24502140,25311973,26159867
Nigeria,NGA,"Maternal mortality ratio (modeled estimate, per 100,000 live births)",SH.STA.MMRT,1136,1130,1117,1090,1075,1060,1067,1063,1081,1088,1094,1108,1124,1146,1155,1168,1155,1142,1118,1091,1065,1046,1016,993
Nigeria,NGA,"Life expectancy at birth, total (years)",SP.DYN.LE00.IN,47.143,47.549,48.02,48.618,49.148,49.538,49.876,50.381,50.748,51.08,51.315,51.49,51.688,51.827,51.94,51.939,52.189,52.397,52.669,53.009,53.072,53.455,54.079,54.462
Nigeria,NGA,"Mortality rate, under-5 (per 1,000 live births)",SH.DYN.MORT,182.3,176.8,171.1,165.4,159.8,154.5,149.6,145.2,141.3,138,135.1,132.9,130.9,129.3,127.9,126.4,124.8,122.8,120.2,117.5,114.4,111.3,108.1,104.9
Nigeria,NGA,"Mortality rate, infant (per 1,000 live births)",SP.DYN.IMRT.IN,97.1,94.6,91.9,89.1,86.4,83.7,81.2,79,77.1,75.4,74,73,72,71.4,70.8,70.2,69.5,68.6,67.4,66.1,64.7,63.2,61.6,60.1
Nigeria,NGA,"Immunization, DPT (% of children ages 12-23 months)",SH.IMM.IDPT,29,27,25,29,33,36,40,42,53,63,54,48,42,43,43,42,53,55,61,66,62,62,62,62
Nigeria,NGA,"Prevalence of stunting, height for age (% of children under 5)",SH.STA.STNT.ZS,..,..,..,42.5,..,..,..,..,..,..,..,35.8,..,..,33.6,33,43.6,..,36.8,..,31.5,33.8,..,..
Nigeria,NGA,GDP per capita (current US$),NY.GDP.PCAP.CD,547.318298903379,566.428231812933,712.164852077686,763.388745367223,962.48104194733,1211.37703504386,1599.53891556365,1815.52697545827,2154.10543545364,1820.48633854782,2202.25672957344,2418.41316975875,2633.19734671361,2872.79083379398,3088.72131316169,2585.73360671797,2070.4127339595,1876.34027111773,2057.87944554011,2265.15520863056,2019.65706326224,2017.27486481527,2139.37478476974,1596.63696129001
Nigeria,NGA,"Population, total",SP.POP.TOTL,126382494,129862595,133471989,137202644,141057045,145017253,149077334,153267261,157595014,162049464,166642886,171379598,176200625,181049443,185896915,190671878,195443700,200254579,204938755,209485641,213996181,218529286,223150896,227882945
Rwanda,RWA,"Maternal mortality ratio (modeled estimate, per 100,000 live births)",SH.STA.MMRT,885,769,677,551,460,465,494,494,454,418,393,358,331,317,301,292,278,275,269,261,252,254,234,229
Rwanda,RWA,"Life expectancy at birth, total (years)",SP.DYN.LE00.IN,47.798,49.49,51.262,53.529,55.52,56.968,58.342,59.504,60.641,61.813,62.804,63.476,64.189,64.651,65.088,65.419,65.733,66.14,66.354,66.691,66.953,66.85,67.528,67.785
Rwanda,RWA,"Mortality rate, under-5 (per 1,000 live births)",SH.DYN.MORT,184.9,166.8,149.4,133.3,118.1,104.9,93.7,84.5,76.2,69.2,63.3,58.1,54.5,51.7,49.6,47.8,46.3,45.2,44.3,43.4,42.5,41.6,40.8,40
Rwanda,RWA,"Mortality rate, infant (per 1,000 live births)",SP.DYN.IMRT.IN,107.9,98,88.3,79.5,71.1,63.9,57.9,53,48.8,45.4,42.2,39,37.2,35.7,34.6,33.7,33.1,32.6,32.2,31.8,31.5,31.1,30.8,30.5
Rwanda,RWA,"Immunization, DPT (% of children ages 12-23 months)",SH.IMM.IDPT,90,77,88,96,89,95,99,97,97,97,97,97,98,98,98,98,98,98,97,98,91,88,98,94
Rwanda,RWA,"Prevalence of stunting, height for age (% of children under 5)",SH.STA.STNT.ZS,47.9,..,..,..,..,51.4,..,..,..,46.6,44.3,..,43.8,..,..,38.3,..,..,34.8,..,33.1,..,..,..
Rwanda,RWA,GDP per capita (current US$),NY.GDP.PCAP.CD,251.86926386091,237.308846200901,234.043016755733,249.012274982252,269.540446333402,324.016863847189,356.995022901154,426.234183487629,528.326391755502,564.039095842449,593.624927744346,651.133677964662,706.8172686891,704.92421796616,724.957526109262,733.998630392314,729.519134044611,758.300966737624,771.773511057901,810.051412137354,778.701498787411,829.544845639777,975.469323979541,1027.03446804432
Rwanda,RWA,"Population, total",SP.POP.TOTL,8213931,8287094,8400180,8586875,8816844,9054528,9299246,9549933,9804269,10060432,10317553,10573733,10829901,11093340,11364757,11640022,11919183,12202060,12487996,12776103,13065837,13355260,13651030,13954471
Senegal,SEN,"Maternal mortality ratio (modeled estimate, per 100,000 live births)",SH.STA.MMRT,581,560,531,520,501,488,462,457,463,441,436,415,405,385,373,357,345,325,305,286,252,263,228,237
Senegal,SEN,"Life expectancy at birth, total (years)",SP.DYN.LE00.IN,57.615,58.158,58.912,59.474,60.308,60.98,61.801,62.653,63.201,63.751,64.221,64.799,65.229,65.638,66.001,66.451,66.724,67.059,67.379,67.668,67.496,66.868,67.788,68.683
Senegal,SEN,"Mortality rate, under-5 (per 1,000 live births)",SH.DYN.MORT,129.3,122.1,113.5,104.5,95.9,88,81.1,75.2,70.3,66.3,63,60.1,57.7,55.7,53.9,52.4,51.1,49.7,48.2,46.5,44.6,42.5,40.4,38.5
Senegal,SEN,"Mortality rate, infant (per 1,000 live births)",SP.DYN.IMRT.IN,73.8,70.4,66.2,61.8,57.5,53.5,50.1,47.2,44.9,43,41.5,40.3,39.3,38.5,37.9,37.3,36.9,36.4,35.7,34.9,33.9,32.7,31.4,30.2
Senegal,SEN,"Immunization, DPT (% of children ages 12-23 months)",SH.IMM.IDPT,52,52,60,73,87,84,89,94,88,86,89,92,91,92,89,89,93,93,92,96,95,90,93,83
Senegal,SEN,"Prevalence of stunting, height for age (% of children under 5)",SH.STA.STNT.ZS,26,..,..,..,..,19.9,..,..,..,..,..,26.7,15.5,16.5,14.2,17.5,17.1,16.5,18.8,17.9,..,..,..,17.5
Senegal,SEN,GDP per capita (current US$),NY.GDP.PCAP.CD,603.233162455158,637.213530563724,669.430447319209,817.888034221442,918.102079522155,979.846101520171,1017.20196747987,1188.93877808175,1398.79218010021,1308.69404336205,1275.88357492357,1374.67591873844,1326.83798848379,1379.83196553924,1398.89137601382,1218.00613555438,1266.43957151587,1356.80518449031,1452.55612562445,1431.18128932159,1461.08720350553,1598.10676952274,1574.0281059306,1698.03387300843
Senegal,SEN,"Population, total",SP.POP.TOTL,9968260,10212942,10466214,10721176,10975704,11235472,11500094,11770344,12048959,12337389,12635413,12958897,13310495,13710849,14152102,14593331,15034521,15475002,15914498,16352922,16789219,17220867,17651103,18077573
Sierra Leone,SLE,"Maternal mortality ratio (modeled estimate, per 100,000 live births)",SH.STA.MMRT,1603,1518,1492,1433,1366,1294,1168,1132,1093,1054,1018,967,915,842,821,730,633,578,491,464,422,403,370,354
Sierra Leone,SLE,"Life expectancy at birth, total (years)",SP.DYN.LE00.IN,44.834,45.448,46.174,46.784,47.485,48.306,49.547,50.024,50.693,51.312,51.927,52.594,53.159,54.051,54.281,55.454,56.937,57.761,59.059,59.593,59.694,60.26,61.275,61.786
Sierra Leone,SLE,"Mortality rate, under-5 (per 1,000 live births)",SH.DYN.MORT,223.7,218.2,212.6,206.7,200.6,194.3,187.7,180.6,173.3,166,158.7,151.7,145,138.8,136.8,137.6,122.7,117.9,113.4,109.1,105.1,101.4,97.7,94.3
Sierra Leone,SLE,"Mortality rate, infant (per 1,000 live births)",SP.DYN.IMRT.IN,123.4,120.8,118.2,115.4,112.4,109.3,106,102.4,98.5,94.7,90.8,87,83.4,80,77.7,76.9,71.3,68.8,66.3,64.1,61.9,60,58,56.2
Sierra Leone,SLE,"Immunization, DPT (% of children ages 12-23 months)",SH.IMM.IDPT,44,38,53,73,65,65,64,64,77,84,86,89,91,92,83,86,84,90,93,95,91,92,91,91
Sierra Leone,SLE,"Prevalence of stunting, height for age (% of children under 5)",SH.STA.STNT.ZS,35.5,..,..,..,..,45,..,..,..,..,32.7,..,..,..,29.1,..,..,31,..,29.5,..,26.3,..,..
Sierra Leone,SLE,GDP per capita (current US$),NY.GDP.PCAP.CD,143.743743239644,358.315716051546,388.995111216836,413.817607346927,417.749983329227,462.633324427945,580.26796974773,631.889926264998,705.359014080005,652.845806767943,685.039673490948,761.146365577281,937.504428180231,1117.47183075115,1117.7586465721,964.575980888989,844.416411175476,779.186007841728,845.914540460932,844.049555179116,845.982914284565,886.192939104469,860.774590932595,757.848680560444
Sierra Leone,SLE,"Population, total",SP.POP.TOTL,4423611,4692716,4971435,5177687,5355717,5501712,5624466,5749352,5894722,6055646,6222714,6387251,6551080,6714051,6876385,7037655,7205328,7379299,7554563,7731991,7912558,8094602,8276807,8460512
Seychelles,SYC,"Maternal mortality ratio (modeled estimate, per 100,000 live births)",SH.STA.MMRT,45,43,45,47,52,50,51,52,51,51,50,50,49,48,46,46,47,47,49,48,51,74,89,42
Seychelles,SYC,"Life expectancy at birth, total (years)",SP.DYN.LE00.IN,72.7780487804878,73.2536585365854,71.0878048780488,71.0292682926829,72.6609756097561,72.1317073170732,72.2170731707317,73.1439024390244,73.1634146341463,73.0829268292683,73.1975609756098,72.7243902439024,74.2756097560976,73.119512195122,73.2292682926829,74.2951219512195,74.309756097561,74.3,72.8414634146341,74.0463414634146,77.2365853658537,73.3975609756097,73.7024390243903,74.9585365853659
Seychelles,SYC,"Mortality rate, under-5 (per 1,000 live births)",SH.DYN.MORT,13.8,13.7,13.7,13.7,13.8,13.8,13.8,13.9,13.9,14,14.1,14.2,14.3,14.4,14.5,14.5,14.6,14.7,14.8,14.8,14.8,14.7,14.5,14.3
Seychelles,SYC,"Mortality rate, infant (per 1,000 live births)",SP.DYN.IMRT.IN,11.8,11.8,11.9,12,12,12.1,12.2,12.3,12.4,12.5,12.6,12.7,12.8,12.9,13.1,13.2,13.3,13.4,13.5,13.6,13.6,13.5,13.3,13.1
Seychelles,SYC,"Immunization, DPT (% of children ages 12-23 months)",SH.IMM.IDPT,98,96,99,99,99,99,99,99,99,99,99,99,98,98,99,97,96,97,99,99,97,94,97,97
Seychelles,SYC,"Prevalence of stunting, height for age (% of children under 5)",SH.STA.STNT.ZS,..,..,..,..,..,..,..,..,..,..,..,..,7.9,..,..,..,..,..,..,..,..,..,..,..
Seychelles,SYC,GDP per capita (current US$),NY.GDP.PCAP.CD,8063.65500575169,8153.2986369879,8864.16919495467,9070.28460757013,10827.671636033,11802.1118276833,12782.9938926475,12669.3026687222,11265.4376270005,9747.09180546291,10934.79494629,12110.0937461973,12337.1554669388,14821.2921476077,15188.1902175113,15333.1051727105,16566.9946042294,17480.3651911372,18440.2340460932,19141.5118743615,14041.4754074575,14982.9111487767,16836.6721895387,18262.7115849287
Seychelles,SYC,"Population, total",SP.POP.TOTL,81131,81202,83723,82781,82475,82858,84600,85033,86956,87298,89770,87441,88303,89949,91359,93419,94677,95843,96762,97625,98462,99258,119878,119773
Somalia,SOM,"Maternal mortality ratio (modeled estimate, per 100,000 live births)",SH.STA.MMRT,1150,1129,1121,1111,1104,1086,1085,1074,1035,995,1062,972,894,855,816,784,754,716,727,656,655,726,622,563
Somalia,SOM,"Life expectancy at birth, total (years)",SP.DYN.LE00.IN,50.747,50.829,50.82,50.721,50.685,50.894,50.915,50.885,51.456,52.101,48.9,32.453,49.138,54.016,54.442,55.056,55.283,52.19,54.767,57.249,57.095,55.703,53.931,58.816
Somalia,SOM,"Mortality rate, under-5 (per 1,000 live births)",SH.DYN.MORT,172.3,172.3,172.3,172.3,172.3,172.3,171.5,169.7,166.1,161.8,185.9,358.5,184.1,142.6,137.8,133.6,129.6,155.4,136,118.1,114.4,110.9,142.9,104
Somalia,SOM,"Mortality rate, infant (per 1,000 live births)",SP.DYN.IMRT.IN,104.3,104.3,104.3,104.3,104.3,104.2,103.8,102.8,101,98.9,112.9,215.7,112.4,89,86.3,84.1,82,96.7,85.8,75.7,73.7,71.8,89.9,67.8
Somalia,SOM,"Immunization, DPT (% of children ages 12-23 months)",SH.IMM.IDPT,33,33,40,40,30,35,26,40,31,42,45,41,42,42,42,42,42,42,42,42,42,42,42,42
Somalia,SOM,"Prevalence of stunting, height for age (% of children under 5)",SH.STA.STNT.ZS,..,..,..,..,..,..,42,..,..,25.3,..,..,..,..,..,..,..,..,..,..,..,..,..,..
Somalia,SOM,GDP per capita (current US$),NY.GDP.PCAP.CD,386.119274401275,244.914842538455,229.598918310039,286.273025198975,375.410326225387,439.979907805478,457.996662206659,479.635628065289,507.03744334738,246.513251675105,219.202453852397,235.325945610434,350.261946720512,393.398703952979,429.431656725102,445.583080073396,460.928490585175,510.939952317726,509.525801898508,539.893931565407,518.184778494334,549.114742721701,573.128092472349,597.458854603043
Somalia,SOM,"Population, total",SP.POP.TOTL,8838713,9198493,9550063,9909157,10280998,10644228,10975502,11322582,11663084,11961201,12261756,12348830,12461160,12869594,13339491,13806963,14348740,14916629,15452487,16030971,16651191,17271431,17801897,18358615
South Africa,ZAF,"Maternal mortality ratio (modeled estimate, per 100,000 live births)",SH.STA.MMRT,175,192,225,245,259,279,283,272,272,241,226,202,194,180,162,150,141,134,128,119,118,191,129,118
South Africa,ZAF,"Life expectancy at birth, total (years)",SP.DYN.LE00.IN,58.368,57.161,55.58,54.245,53.963,53.914,54.22,54.948,55.982,57.413,58.886,60.602,61.737,62.388,63.184,64.053,64.749,65.422,65.726,66.071,65.15,62.01,65.454,66.139
South Africa,ZAF,"Mortality rate, under-5 (per 1,000 live births)",SH.DYN.MORT,71.1,74.3,76.9,79.3,81,80.3,77.5,71.9,64.2,57,50,45,42.5,41,39.6,38.2,36.8,35.8,34.9,34.5,34.1,34.1,34.4,34.7
South Africa,ZAF,"Mortality rate, infant (per 1,000 live births)",SP.DYN.IMRT.IN,46.9,47.6,48,48.6,49,47.9,46,43.8,40.6,37.7,35.4,33.9,33,32,30.9,29.7,28.4,27.3,26.3,25.6,25,24.7,24.5,24.4
South Africa,ZAF,"Immunization, DPT (% of children ages 12-23 months)",SH.IMM.IDPT,73,71,70,69,74,81,84,85,82,81,77,75,71,81,85,85,85,84,82,85,84,86,85,79
South Africa,ZAF,"Prevalence of stunting, height for age (% of children under 5)",SH.STA.STNT.ZS,..,..,..,..,..,..,..,..,25,..,..,..,..,..,..,21.2,27.4,21.3,..,..,..,..,..,..
South Africa,ZAF,GDP per capita (current US$),NY.GDP.PCAP.CD,3217.84693448467,2847.15191945908,2688.23676032806,4062.21755993786,5221.46333731721,5836.87663325127,6077.38293388876,6591.85535960564,6184.75474328399,6374.70560042992,7973.47195771517,8646.05571071635,8076.97678479741,7331.65467384919,6856.73137092522,6112.27382485974,5651.20585165749,6618.33508255701,6914.1780318076,6533.71121032856,5580.60383075189,6843.39941886204,6523.41097815853,6022.54254192335
South Africa,ZAF,"Population, total",SP.POP.TOTL,47159719,47566800,48019415,48500348,48991421,49490033,49998277,50528584,51114599,51728516,52344051,52995205,53782567,54678791,55594838,56723537,57259551,57635162,58613001,59587885,60562381,61502603,62378410,63212384
South Sudan,SSD,"Maternal mortality ratio (modeled estimate, per 100,000 live births)",SH.STA.MMRT,1658,1580,1521,1199,1150,1074,1005,933,858,823,776,770,755,771,1216,1436,1629,1662,913,745,729,749,704,692
South Sudan,SSD,"Life expectancy at birth, total (years)",SP.DYN.LE00.IN,47.591,48.55,49.394,52.324,53.052,53.965,54.653,55.425,56.28,56.848,57.485,57.674,58.241,58.285,45.625,39.757,36.72,35.351,51.905,58.129,57.648,57.047,57.203,57.617
South Sudan,SSD,"Mortality rate, under-5 (per 1,000 live births)",SH.DYN.MORT,182.7,173.8,165.1,156.5,148.4,140.8,133.5,127,120.6,114.7,109.4,104.5,100.9,99.2,182.3,236.6,263.9,278.2,132.4,98.7,98.7,98.7,98.7,98.7
South Sudan,SSD,"Mortality rate, infant (per 1,000 live births)",SP.DYN.IMRT.IN,118.5,114,109.6,105.1,100.8,96.6,92.6,89,85.5,82.1,79,76.1,74,72.9,117.7,148.5,164.1,172.9,91.8,72.6,72.6,72.6,72.6,72.6
South Sudan,SSD,"Immunization, DPT (% of children ages 12-23 months)",SH.IMM.IDPT,..,..,..,..,..,..,..,..,..,..,..,61,63,53,50,46,45,52,59,61,67,69,73,73
South Sudan,SSD,"Prevalence of stunting, height for age (% of children under 5)",SH.STA.STNT.ZS,..,..,..,..,..,..,36.2,..,..,..,31.3,..,..,..,..,..,..,..,..,..,..,..,..,..
South Sudan,SSD,GDP per capita (current US$),NY.GDP.PCAP.CD,..,..,..,..,..,..,..,..,1654.21153546555,1323.22068747862,1498.27034985194,1448.98435006408,1109.26050083408,1650.18943353528,1242.73450181032,1080.14718624765,..,..,..,..,..,..,..,..
South Sudan,SSD,"Population, total",SP.POP.TOTL,6032267,6308391,6596806,6903127,7233041,7590143,7976526,8388788,8817647,9243556,9745953,10288109,10756240,11166275,11235073,11107561,10830102,10259154,10122977,10423384,10698467,10865780,11021177,11483374
Sudan,SDN,"Maternal mortality ratio (modeled estimate, per 100,000 live births)",SH.STA.MMRT,645,616,588,593,536,506,485,445,426,382,370,357,340,327,309,298,288,277,268,262,273,305,263,256
Sudan,SDN,"Life expectancy at birth, total (years)",SP.DYN.LE00.IN,58.946,59.264,59.308,58.319,56.773,57.226,60.4,61.442,61.261,62.676,62.979,63.181,63.427,63.443,63.99,64.375,64.677,65.146,65.501,65.803,65.124,64.46,65.695,66.331
Sudan,SDN,"Mortality rate, under-5 (per 1,000 live births)",SH.DYN.MORT,103.4,99.9,96.5,93.1,102.6,100.1,84,81.3,78.8,76.4,74.2,72.2,70.2,68.3,66.4,64.5,62.6,60.7,58.9,57.1,55.3,53.6,51.8,50.1
Sudan,SDN,"Mortality rate, infant (per 1,000 live births)",SP.DYN.IMRT.IN,70.8,68.9,66.9,65,68.2,66.8,59.9,58.4,57,55.7,54.5,53.4,52.3,51.3,50.1,49,47.8,46.5,45.3,44,42.8,41.6,40.3,39.2
Sudan,SDN,"Immunization, DPT (% of children ages 12-23 months)",SH.IMM.IDPT,62,66,60,69,74,78,78,84,86,81,90,93,92,93,94,93,93,95,93,93,90,84,68,51
Sudan,SDN,"Prevalence of stunting, height for age (% of children under 5)",SH.STA.STNT.ZS,..,..,..,..,..,..,38.3,..,..,..,34.1,..,..,..,38.2,..,..,..,..,..,..,..,..,..
Sudan,SDN,GDP per capita (current US$),NY.GDP.PCAP.CD,362.116882324219,451.293304443359,506.262634277344,580.320251464844,705.113342285156,905.543640136719,1132.474609375,1444.37219238281,1527.58239746094,1178.22180175781,1305.63598632813,1332.6572265625,1019.22210693359,1138.62780761719,1275.43835449219,1292.37963867188,1033.21594238281,966.505676269531,731.027465820313,709.975280761719,577.795227050781,712.122009277344,1046.24084472656,797.283447265625
Sudan,SDN,"Population, total",SP.POP.TOTL,27816745,28516770,29228727,29896035,30556637,31262444,31992435,32764135,33623980,34569113,35414399,36140806,36923178,37785849,38823318,40024431,41259892,42714306,44230596,45548175,46789231,48066924,49383346,50042791
Tanzania,TZA,"Maternal mortality ratio (modeled estimate, per 100,000 live births)",SH.STA.MMRT,568,493,454,397,365,350,366,453,511,502,486,475,448,479,454,433,396,345,319,292,160,162,152,276
Tanzania,TZA,"Life expectancy at birth, total (years)",SP.DYN.LE00.IN,53.244,54.124,54.94,55.929,56.836,57.675,58.512,59.26,59.896,60.494,61.127,61.618,62.286,62.788,63.364,63.928,64.404,64.963,65.488,66.007,66.771,66.131,66.879,66.995
Tanzania,TZA,"Mortality rate, under-5 (per 1,000 live births)",SH.DYN.MORT,128.4,120.6,112.8,105.3,98.6,92.4,86.9,81.6,77,72.4,68.6,65,62.1,59.5,56.7,54.8,52.5,50.2,48,46,44.2,42.2,40.5,38.9
Tanzania,TZA,"Mortality rate, infant (per 1,000 live births)",SP.DYN.IMRT.IN,85.3,80.4,75.4,70.7,66.4,62.3,59,55.6,53.2,50.5,48.5,46.6,45,43.7,42.3,41.1,39.5,37.7,36,34.7,33.5,32.4,31.2,29.9
Tanzania,TZA,"Immunization, DPT (% of children ages 12-23 months)",SH.IMM.IDPT,79,87,89,95,95,90,90,83,86,85,91,90,92,91,97,96,92,90,89,91,91,86,93,93
Tanzania,TZA,"Prevalence of stunting, height for age (% of children under 5)",SH.STA.STNT.ZS,..,..,..,..,44.4,..,..,..,..,43.2,42.1,35,..,37.4,34.7,34.5,..,..,31.8,..,..,32.7,30,..
Tanzania,TZA,GDP per capita (current US$),NY.GDP.PCAP.CD,401.698150634766,396.638732910156,402.649047851563,422.18359375,450.385284423828,483.334869384766,475.746734619141,543.198303222656,675.977233886719,693.823547363281,736.530151367188,775.392761230469,861.969909667969,963.05712890625,1022.74841308594,939.127319335938,953.0107421875,986.674011230469,1023.10626220703,1063.32250976563,1117.41528320313,1159.85656738281,1207.85302734375,1224.48962402344
Tanzania,TZA,"Population, total",SP.POP.TOTL,34260139,35198299,36121304,37089555,38109668,39182076,40294902,41435512,42570728,43633982,44758488,46029367,47374260,48824128,50351512,52020962,53824013,55652890,57437145,59174891,60972798,62830412,64711821,66617606
Togo,TGO,"Maternal mortality ratio (modeled estimate, per 100,000 live births)",SH.STA.MMRT,496,478,447,431,431,434,453,448,457,471,497,501,506,500,490,470,460,443,435,416,398,397,362,349
Togo,TGO,"Life expectancy at birth, total (years)",SP.DYN.LE00.IN,54.577,54.746,55.032,55.299,55.594,55.916,56.142,56.382,56.651,56.927,57.227,57.612,57.94,58.345,58.766,59.22,59.669,60.135,60.601,61.055,61.123,61.328,62.29,62.739
Togo,TGO,"Mortality rate, under-5 (per 1,000 live births)",SH.DYN.MORT,119.6,116,112.5,109.1,105.9,102.7,99.7,96.9,94.1,91.4,88.7,85.9,83.3,80.7,78.1,75.6,73.2,70.9,68.6,66.3,64.3,62.2,60.2,58.3
Togo,TGO,"Mortality rate, infant (per 1,000 live births)",SP.DYN.IMRT.IN,70.8,68.7,66.7,64.7,62.8,61,59.3,57.7,56.1,54.6,53,51.4,49.8,48.3,46.8,45.4,44,42.7,41.4,40.2,39.1,38,36.9,35.9
Togo,TGO,"Immunization, DPT (% of children ages 12-23 months)",SH.IMM.IDPT,64,50,59,72,71,82,84,82,81,78,83,85,84,84,84,82,82,83,81,84,82,83,82,85
Togo,TGO,"Prevalence of stunting, height for age (% of children under 5)",SH.STA.STNT.ZS,..,..,..,..,..,..,29.9,..,26.9,27,27,..,26.2,..,27.6,..,..,23.8,..,..,..,..,..,..
Togo,TGO,GDP per capita (current US$),NY.GDP.PCAP.CD,409.889802792768,396.692654520135,445.238691488925,538.16537776929,560.266308533382,551.259850017077,552.50227125256,607.588224471809,718.948786366771,720.694168794129,704.987164181378,783.989380490906,762.392047587088,826.543259457126,855.585284856656,751.052405084336,772.581787093976,792.765487219069,851.130806891807,826.260654099894,853.578220263722,939.613373786407,898.758154410712,985.697512629974
Togo,TGO,"Population, total",SP.POP.TOTL,5140037,5277382,5413274,5552167,5696508,5844631,6010668,6188344,6368812,6551865,6732590,6916474,7100736,7285442,7472450,7663195,7858289,8057140,8258778,8463068,8669720,8878379,9089738,9304337
Tunisia,TUN,"Maternal mortality ratio (modeled estimate, per 100,000 live births)",SH.STA.MMRT,56,55,53,52,50,49,48,46,45,44,44,44,43,43,42,40,39,38,38,37,40,65,38,36
Tunisia,TUN,"Life expectancy at birth, total (years)",SP.DYN.LE00.IN,72.604,72.822,73.07,73.304,73.519,73.712,73.888,74.039,74.192,74.32,74.438,74.471,74.599,74.674,74.784,74.875,75.007,75.177,75.37,75.599,75.004,72.893,76.05,76.508
Tunisia,TUN,"Mortality rate, under-5 (per 1,000 live births)",SH.DYN.MORT,29.2,27.2,25.5,24,22.7,21.6,20.7,20,19.4,19,18.7,18.5,18.4,18.3,18.3,18.2,18.1,17.9,17.5,16.9,16,15,13.9,12.9
Tunisia,TUN,"Mortality rate, infant (per 1,000 live births)",SP.DYN.IMRT.IN,23.9,22.7,21.5,20.5,19.6,18.9,18.2,17.7,17.2,16.9,16.7,16.5,16.3,16.2,16.1,16,15.8,15.5,15.1,14.4,13.5,12.5,11.5,10.6
Tunisia,TUN,"Immunization, DPT (% of children ages 12-23 months)",SH.IMM.IDPT,97,98,96,95,97,98,99,98,99,99,98,98,97,98,98,98,98,98,97,98,97,97,97,97
Tunisia,TUN,"Prevalence of stunting, height for age (% of children under 5)",SH.STA.STNT.ZS,16.8,..,..,..,..,..,9,..,..,..,..,..,10.1,..,..,..,..,..,8.4,..,..,..,..,..
Tunisia,TUN,GDP per capita (current US$),NY.GDP.PCAP.CD,2199.04465936314,2235.71981624751,2320.7723805785,2725.8643148859,3067.41936376975,3146.8260743927,3322.56933570096,3726.91672935667,4255.05008019523,4080.09032448781,4291.86120891575,4420.64772206537,4297.26782454273,4369.79345826358,4458.97895464547,4014.94773686432,3847.80354448809,3619.03247319953,3628.10366464236,3528.87213306798,3548.65363663803,3906.93926319391,3708.8481241036,3950.3753419816
Tunisia,TUN,"Population, total",SP.POP.TOTL,9764935,9869677,9971515,10071632,10166163,10255472,10346410,10441702,10542635,10650681,10765980,10886035,11009647,11141361,11274288,11402264,11528674,11650498,11765514,11875081,11974057,12048622,12119334,12200431
Uganda,UGA,"Maternal mortality ratio (modeled estimate, per 100,000 live births)",SH.STA.MMRT,475,440,416,395,384,417,409,345,324,322,304,295,285,308,311,299,272,246,232,219,209,216,184,170
Uganda,UGA,"Life expectancy at birth, total (years)",SP.DYN.LE00.IN,49.64,50.576,51.443,52.414,53.699,54.926,56.118,57.248,58.253,59.157,59.959,60.791,61.579,62.353,63.057,63.831,64.494,65.174,65.775,66.354,66.41,66.45,67.675,68.252
Uganda,UGA,"Mortality rate, under-5 (per 1,000 live births)",SH.DYN.MORT,145.6,138.8,131.2,123.1,114.9,107,99.7,93,86.9,81.4,76.1,71,66.7,62.4,59.1,55.8,52.5,49.8,47.4,45.3,43.5,41.8,40.5,38.8
Uganda,UGA,"Mortality rate, infant (per 1,000 live births)",SP.DYN.IMRT.IN,89.8,85.9,81.4,76.6,71.7,67,62.7,58.7,55.1,52.4,49.5,46.7,44.1,42.2,40.3,38.4,36.4,34.6,32.9,31.7,30.6,29.5,28.7,27.6
Uganda,UGA,"Immunization, DPT (% of children ages 12-23 months)",SH.IMM.IDPT,52,55,57,59,62,64,64,73,71,79,80,82,83,84,85,89,93,94,93,93,89,91,89,91
Uganda,UGA,"Prevalence of stunting, height for age (% of children under 5)",SH.STA.STNT.ZS,44.9,..,..,..,..,..,38.4,..,..,38.2,..,33.5,33.7,..,34,30.4,28.9,..,23.9,..,25.4,..,24.4,..
Uganda,UGA,GDP per capita (current US$),NY.GDP.PCAP.CD,258.050338731086,236.021188853993,241.984688408335,250.71543664681,292.38185796262,330.405402707025,346.518255310647,401.389130865581,472.842681495852,798.947089938247,823.488144282,835.620060555838,795.222867553127,818.285427416713,896.054795546394,862.934610355811,752.696571725656,765.218332297361,792.16570022814,822.171150141651,845.76646385001,882.791717442001,963.067314233497,1002.30913908852
Uganda,UGA,"Population, total",SP.POP.TOTL,24000150,24745676,25532870,26352124,27154515,27963289,28794003,29653430,30539553,31451151,32390802,33354543,34337438,35337042,36395539,37531446,38799152,40177388,41565831,42999637,44457152,45910930,47312719,48656601
Zambia,ZMB,"Maternal mortality ratio (modeled estimate, per 100,000 live births)",SH.STA.MMRT,340,306,274,250,260,264,262,324,394,406,332,291,256,213,174,154,158,141,117,103,99,140,89,85
Zambia,ZMB,"Life expectancy at birth, total (years)",SP.DYN.LE00.IN,46.577,47.408,48.461,49.616,50.54,51.615,52.693,53.73,54.835,55.886,56.896,57.843,58.704,59.445,60.109,60.728,61.129,61.564,62.138,62.914,63.361,62.363,65.279,66.349
Zambia,ZMB,"Mortality rate, under-5 (per 1,000 live births)",SH.DYN.MORT,152.5,143.8,133.7,123.6,113.7,104.8,97.1,91.4,86.2,80,75.7,73.1,70.4,67.2,63.8,61.5,59,56.1,55.2,54.1,52.4,49.2,46.7,44.7
Zambia,ZMB,"Mortality rate, infant (per 1,000 live births)",SP.DYN.IMRT.IN,89.4,84.6,78.8,72.9,66.7,61.2,57.5,55.4,52.9,50.7,49,47.6,46.4,44.7,43.3,42.5,40.9,38.8,37.5,35.7,34.5,33.4,32.2,30.9
Zambia,ZMB,"Immunization, DPT (% of children ages 12-23 months)",SH.IMM.IDPT,85,85,84,83,83,82,81,80,87,94,83,81,78,79,86,90,95,94,90,88,84,91,82,80
Zambia,ZMB,"Prevalence of stunting, height for age (% of children under 5)",SH.STA.STNT.ZS,..,..,52.5,..,..,..,..,45.8,..,..,..,..,..,40,..,..,..,..,34.6,..,..,..,..,..
Zambia,ZMB,GDP per capita (current US$),NY.GDP.PCAP.CD,359.429500988221,396.548952993504,393.864625518616,446.290104839041,548.685974566277,710.982068171696,1051.71714895686,1118.73162626953,1375.50211006997,1136.24168316848,1451.10616017155,1624.86817763443,1710.05061343728,1820.71854827391,1707.48573136694,1295.87788680068,1239.08527877713,1483.46577328065,1463.89997855593,1258.98619844462,951.644316655957,1127.16077872857,1447.12310138035,1330.72780576709
Zambia,ZMB,"Population, total",SP.POP.TOTL,10017631,10325185,10647949,10983595,11338198,11718819,12129553,12565085,13021324,13490389,13965594,14437796,14913629,15398997,15895315,16399089,16914423,17441320,17973569,18513839,19059395,19603607,20152938,20723965
Zimbabwe,ZWE,"Maternal mortality ratio (modeled estimate, per 100,000 live births)",SH.STA.MMRT,405,467,418,455,451,454,480,519,526,540,567,564,558,525,468,428,411,389,386,388,380,446,368,358
Zimbabwe,ZWE,"Life expectancy at birth, total (years)",SP.DYN.LE00.IN,46.034,44.525,45.938,45.373,46.043,46.57,47.056,47.576,48.456,49.75,51.925,53.911,55.386,56.842,58.106,58.989,59.76,60.263,60.906,61.06,61.53,60.135,62.36,62.775
Zimbabwe,ZWE,"Mortality rate, under-5 (per 1,000 live births)",SH.DYN.MORT,98.3,97.9,84.8,88.5,91.7,92.3,94,94.7,93.4,90.3,85,78.8,71.4,65.5,61.8,59.8,56.9,55,52.3,51.1,50.1,47.6,46,44.2
Zimbabwe,ZWE,"Mortality rate, infant (per 1,000 live births)",SP.DYN.IMRT.IN,59.3,61.1,58.3,61,64.2,66.6,69.5,71.5,71.7,70.7,67.6,64.7,59.9,57,54.3,52.8,50.8,49.2,47.4,46,44.9,43.6,42.2,40.6
Zimbabwe,ZWE,"Immunization, DPT (% of children ages 12-23 months)",SH.IMM.IDPT,78,75,71,68,65,68,70,73,75,73,89,93,95,95,91,87,90,89,89,90,86,88,90,90
Zimbabwe,ZWE,"Prevalence of stunting, height for age (% of children under 5)",SH.STA.STNT.ZS,..,..,..,..,..,35.3,..,..,..,35.1,32.2,..,30.5,..,27.6,27.1,..,..,..,23.5,..,..,..,..
Zimbabwe,ZWE,GDP per capita (current US$),NY.GDP.PCAP.CD,562.556945680495,566.107692145462,524.677281078209,468.234223473035,469.484691401035,461.028318446444,430.809214010242,413.302605010004,340.740210298158,735.446248561806,901.55051752819,1037.24613741902,1238.59479481433,1362.29952932396,1372.21474610373,1386.41855927575,1407.42096413212,3448.08699068824,2271.85250365817,1683.91313584141,1730.45391034701,1724.38727102272,2040.54658705395,2156.03409322984
Zimbabwe,ZWE,"Population, total",SP.POP.TOTL,11892055,11971901,12087653,12232323,12365896,12483432,12636445,12804058,12959149,13142790,13356548,13595424,13817887,14013808,14207359,14399013,14600294,14812482,15034452,15271368,15526888,15797210,16069056,16340822
Sao Tome and Principe,STP,"Maternal mortality ratio (modeled estimate, per 100,000 live births)",SH.STA.MMRT,180,178,179,178,177,181,177,174,174,172,170,164,158,150,138,128,119,110,100,95,92,98,82,75
Sao Tome and Principe,STP,"Life expectancy at birth, total (years)",SP.DYN.LE00.IN,61.207,61.5,61.826,62.158,62.56,62.434,63.041,63.336,63.448,63.669,63.867,64.122,64.505,64.93,65.478,66.023,66.563,67.074,67.602,68.043,67.979,68.026,69.237,69.718
Sao Tome and Principe,STP,"Mortality rate, under-5 (per 1,000 live births)",SH.DYN.MORT,82.1,76.6,71,65.7,60.5,55.6,51.1,46.8,43,39.5,36.3,33.3,30.4,27.7,25.4,23.1,21.1,19.5,18.1,17,16,15.3,14.6,13.9
Sao Tome and Principe,STP,"Mortality rate, infant (per 1,000 live births)",SP.DYN.IMRT.IN,50.7,47.5,44.2,41,37.8,34.9,32.2,29.6,27.3,25.2,23.2,21.4,19.7,18,16.5,15.1,13.9,12.9,12,11.3,10.7,10.2,9.8,9.4
Sao Tome and Principe,STP,"Immunization, DPT (% of children ages 12-23 months)",SH.IMM.IDPT,82,92,92,94,96,97,97,97,99,98,98,96,96,97,95,96,96,95,95,95,96,97,92,86
Sao Tome and Principe,STP,"Prevalence of stunting, height for age (% of children under 5)",SH.STA.STNT.ZS,..,..,..,..,..,..,..,..,..,..,..,..,..,..,17.2,..,..,..,..,11.7,..,..,..,..
Sao Tome and Principe,STP,GDP per capita (current US$),NY.GDP.PCAP.CD,529.089383412262,518.88050130005,568.10257252271,663.696211810494,726.560882130444,844.169181884274,861.970707697664,878.885791918745,1081.8684584729,1128.28046213305,1045.20958234528,1219.80189089671,1210.79264672325,1382.5757842916,1489.67633417608,1298.10946596396,1434.87018050521,1555.79477812888,1825.59971753966,1935.2931816596,2167.22001796925,2362.58827248102,2389.73729784737,2940.93352926715
Sao Tome and Principe,STP,"Population, total",SP.POP.TOTL,144018,146375,149922,153814,157705,161639,165638,169700,173793,177853,181802,185649,189439,193148,196767,200291,203689,206970,210187,213392,217435,221961,226305,230871
,,,,,,,,,,,,,,,,,,,,,,,,,,,
,,,,,,,,,,,,,,,,,,,,,,,,,,,
,,,,,,,,,,,,,,,,,,,,,,,,,,,
Data from database: World Development Indicators,,,,,,,,,,,,,,,,,,,,,,,,,,,
Last Updated: 07/01/2025,,,,,,,,,,,,,,,,,,,,,,,,,,,
